subject,space,condition,rate,metric,threshold
sub-01,DeCon,PropFB,57.9,TNR,1
sub-01,mni,PropFB,0.0,TNR,1
sub-10,DeCon,PropFB,14.0,TNR,1
sub-10,mni,PropFB,7.7,TNR,1
sub-11,DeCon,Prop,50.0,TNR,1
sub-11,mni,Prop,36.4,TNR,1
sub-12,DeCon,Prop,48.4,TNR,1
sub-12,mni,Prop,25.0,TNR,1
sub-13,DeCon,PropFB,33.3,TNR,1
sub-13,mni,PropFB,0.0,TNR,1
sub-14,DeCon,VM,26.9,TNR,1
sub-14,mni,VM,26.9,TNR,1
sub-15,DeCon,VMFB,44.4,TNR,1
sub-15,mni,VMFB,60.0,TNR,1
sub-16,DeCon,VM,37.9,TNR,1
sub-16,mni,VM,18.8,TNR,1
sub-17,DeCon,VMFB,40.9,TNR,1
sub-17,mni,VMFB,33.3,TNR,1
sub-18,DeCon,Prop,56.7,TNR,1
sub-18,mni,Prop,36.4,TNR,1
sub-19,DeCon,PropFB,40.0,TNR,1
sub-19,mni,PropFB,8.3,TNR,1
sub-27,DeCon,Prop,46.4,TNR,1
sub-27,mni,Prop,10.0,TNR,1
sub-28,DeCon,VMFB,41.7,TNR,1
sub-28,mni,VMFB,0.0,TNR,1
sub-29,DeCon,Prop,41.7,TNR,1
sub-29,DeCon,Prop,41.2,TNR,1
sub-29,mni,Prop,30.0,TNR,1
sub-29,mni,Prop,0.0,TNR,1
sub-30,DeCon,VMFB,39.3,TNR,1
sub-30,mni,VMFB,0.0,TNR,1
sub-31,DeCon,VM,51.9,TNR,1
sub-31,mni,VM,0.0,TNR,1
sub-32,DeCon,VMFB,35.0,TNR,1
sub-32,mni,VMFB,0.0,TNR,1
sub-33,DeCon,PropFB,11.8,TNR,1
sub-33,mni,PropFB,0.0,TNR,1
sub-34,DeCon,Prop,41.7,TNR,1
sub-34,mni,Prop,0.0,TNR,1
sub-35,DeCon,VMFB,14.8,TNR,1
sub-35,mni,VMFB,0.0,TNR,1
sub-36,DeCon,VM,20.8,TNR,1
sub-36,mni,VM,0.0,TNR,1
sub-37,DeCon,VMFB,60.9,TNR,1
sub-37,mni,VMFB,0.0,TNR,1
sub-38,DeCon,VM,52.2,TNR,1
sub-38,mni,VM,0.0,TNR,1
sub-39,DeCon,VMFB,42.9,TNR,1
sub-39,mni,VMFB,0.0,TNR,1
sub-40,DeCon,PropFB,28.6,TNR,1
sub-40,DeCon,PropFB,50.0,TNR,1
sub-40,mni,PropFB,0.0,TNR,1
sub-40,mni,PropFB,0.0,TNR,1
sub-42,DeCon,Prop,38.2,TNR,1
sub-42,mni,Prop,0.0,TNR,1
sub-43,DeCon,Prop,25.0,TNR,1
sub-43,mni,Prop,0.0,TNR,1
sub-44,DeCon,VMFB,42.1,TNR,1
sub-44,mni,VMFB,0.0,TNR,1
sub-49,DeCon,PropFB,56.5,TNR,1
sub-49,mni,PropFB,0.0,TNR,1
sub-52,DeCon,VM,33.3,TNR,1
sub-52,mni,VM,0.0,TNR,1
sub-54,DeCon,VM,42.1,TNR,1
sub-54,mni,VM,0.0,TNR,1
sub-58,DeCon,Prop,45.8,TNR,1
sub-58,mni,Prop,0.0,TNR,1
sub-60,DeCon,VMFB,28.6,TNR,1
sub-60,mni,VMFB,0.0,TNR,1
sub-65,DeCon,PropFB,48.1,TNR,1
sub-65,mni,PropFB,0.0,TNR,1
sub-69,DeCon,VM,52.4,TNR,1
sub-69,mni,VM,0.0,TNR,1
sub-71,DeCon,Prop,42.9,TNR,1
sub-71,mni,Prop,0.0,TNR,1
sub-73,DeCon,VM,32.0,TNR,1
sub-73,mni,VM,0.0,TNR,1
sub-74,DeCon,VM,48.3,TNR,1
sub-74,mni,VM,0.0,TNR,1
sub-75,DeCon,PropFB,46.7,TNR,1
sub-75,mni,PropFB,0.0,TNR,1
sub-76,DeCon,VMFB,39.4,TNR,1
sub-76,mni,VMFB,0.0,TNR,1
sub-77,DeCon,VM,55.0,TNR,1
sub-77,mni,VM,0.0,TNR,1
sub-01,DeCon,PropFB,63.2,TNR,2
sub-01,mni,PropFB,7.1,TNR,2
sub-10,DeCon,PropFB,18.0,TNR,2
sub-10,mni,PropFB,11.5,TNR,2
sub-11,DeCon,Prop,58.3,TNR,2
sub-11,mni,Prop,36.4,TNR,2
sub-12,DeCon,Prop,54.8,TNR,2
sub-12,mni,Prop,33.3,TNR,2
sub-13,DeCon,PropFB,40.7,TNR,2
sub-13,mni,PropFB,25.0,TNR,2
sub-14,DeCon,VM,42.3,TNR,2
sub-14,mni,VM,42.3,TNR,2
sub-15,DeCon,VMFB,48.1,TNR,2
sub-15,mni,VMFB,60.0,TNR,2
sub-16,DeCon,VM,44.8,TNR,2
sub-16,mni,VM,18.8,TNR,2
sub-17,DeCon,VMFB,45.5,TNR,2
sub-17,mni,VMFB,44.4,TNR,2
sub-18,DeCon,Prop,70.0,TNR,2
sub-18,mni,Prop,36.4,TNR,2
sub-19,DeCon,PropFB,48.0,TNR,2
sub-19,mni,PropFB,16.7,TNR,2
sub-27,DeCon,Prop,46.4,TNR,2
sub-27,mni,Prop,10.0,TNR,2
sub-28,DeCon,VMFB,41.7,TNR,2
sub-28,mni,VMFB,0.0,TNR,2
sub-29,DeCon,Prop,41.7,TNR,2
sub-29,DeCon,Prop,41.2,TNR,2
sub-29,mni,Prop,30.0,TNR,2
sub-29,mni,Prop,0.0,TNR,2
sub-30,DeCon,VMFB,39.3,TNR,2
sub-30,mni,VMFB,0.0,TNR,2
sub-31,DeCon,VM,70.4,TNR,2
sub-31,mni,VM,0.0,TNR,2
sub-32,DeCon,VMFB,40.0,TNR,2
sub-32,mni,VMFB,0.0,TNR,2
sub-33,DeCon,PropFB,29.4,TNR,2
sub-33,mni,PropFB,0.0,TNR,2
sub-34,DeCon,Prop,50.0,TNR,2
sub-34,mni,Prop,0.0,TNR,2
sub-35,DeCon,VMFB,18.5,TNR,2
sub-35,mni,VMFB,0.0,TNR,2
sub-36,DeCon,VM,20.8,TNR,2
sub-36,mni,VM,0.0,TNR,2
sub-37,DeCon,VMFB,65.2,TNR,2
sub-37,mni,VMFB,0.0,TNR,2
sub-38,DeCon,VM,52.2,TNR,2
sub-38,mni,VM,0.0,TNR,2
sub-39,DeCon,VMFB,50.0,TNR,2
sub-39,mni,VMFB,0.0,TNR,2
sub-40,DeCon,PropFB,42.9,TNR,2
sub-40,DeCon,PropFB,50.0,TNR,2
sub-40,mni,PropFB,0.0,TNR,2
sub-40,mni,PropFB,0.0,TNR,2
sub-42,DeCon,Prop,47.1,TNR,2
sub-42,mni,Prop,0.0,TNR,2
sub-43,DeCon,Prop,37.5,TNR,2
sub-43,mni,Prop,0.0,TNR,2
sub-44,DeCon,VMFB,52.6,TNR,2
sub-44,mni,VMFB,0.0,TNR,2
sub-49,DeCon,PropFB,69.6,TNR,2
sub-49,mni,PropFB,0.0,TNR,2
sub-52,DeCon,VM,37.5,TNR,2
sub-52,mni,VM,0.0,TNR,2
sub-54,DeCon,VM,55.3,TNR,2
sub-54,mni,VM,0.0,TNR,2
sub-58,DeCon,Prop,54.2,TNR,2
sub-58,mni,Prop,0.0,TNR,2
sub-60,DeCon,VMFB,57.1,TNR,2
sub-60,mni,VMFB,0.0,TNR,2
sub-65,DeCon,PropFB,51.9,TNR,2
sub-65,mni,PropFB,0.0,TNR,2
sub-69,DeCon,VM,57.1,TNR,2
sub-69,mni,VM,0.0,TNR,2
sub-71,DeCon,Prop,64.3,TNR,2
sub-71,mni,Prop,0.0,TNR,2
sub-73,DeCon,VM,32.0,TNR,2
sub-73,mni,VM,0.0,TNR,2
sub-74,DeCon,VM,55.2,TNR,2
sub-74,mni,VM,0.0,TNR,2
sub-75,DeCon,PropFB,53.3,TNR,2
sub-75,mni,PropFB,0.0,TNR,2
sub-76,DeCon,VMFB,42.4,TNR,2
sub-76,mni,VMFB,0.0,TNR,2
sub-77,DeCon,VM,65.0,TNR,2
sub-77,mni,VM,0.0,TNR,2
sub-01,DeCon,PropFB,63.2,TNR,5
sub-01,mni,PropFB,14.3,TNR,5
sub-10,DeCon,PropFB,28.0,TNR,5
sub-10,mni,PropFB,11.5,TNR,5
sub-11,DeCon,Prop,66.7,TNR,5
sub-11,mni,Prop,45.5,TNR,5
sub-12,DeCon,Prop,64.5,TNR,5
sub-12,mni,Prop,50.0,TNR,5
sub-13,DeCon,PropFB,40.7,TNR,5
sub-13,mni,PropFB,25.0,TNR,5
sub-14,DeCon,VM,53.8,TNR,5
sub-14,mni,VM,53.8,TNR,5
sub-15,DeCon,VMFB,51.9,TNR,5
sub-15,mni,VMFB,60.0,TNR,5
sub-16,DeCon,VM,58.6,TNR,5
sub-16,mni,VM,31.2,TNR,5
sub-17,DeCon,VMFB,59.1,TNR,5
sub-17,mni,VMFB,55.6,TNR,5
sub-18,DeCon,Prop,76.7,TNR,5
sub-18,mni,Prop,54.5,TNR,5
sub-19,DeCon,PropFB,60.0,TNR,5
sub-19,mni,PropFB,25.0,TNR,5
sub-27,DeCon,Prop,50.0,TNR,5
sub-27,mni,Prop,40.0,TNR,5
sub-28,DeCon,VMFB,50.0,TNR,5
sub-28,mni,VMFB,0.0,TNR,5
sub-29,DeCon,Prop,45.8,TNR,5
sub-29,DeCon,Prop,47.1,TNR,5
sub-29,mni,Prop,50.0,TNR,5
sub-29,mni,Prop,0.0,TNR,5
sub-30,DeCon,VMFB,53.6,TNR,5
sub-30,mni,VMFB,0.0,TNR,5
sub-31,DeCon,VM,81.5,TNR,5
sub-31,mni,VM,0.0,TNR,5
sub-32,DeCon,VMFB,55.0,TNR,5
sub-32,mni,VMFB,0.0,TNR,5
sub-33,DeCon,PropFB,35.3,TNR,5
sub-33,mni,PropFB,0.0,TNR,5
sub-34,DeCon,Prop,58.3,TNR,5
sub-34,mni,Prop,0.0,TNR,5
sub-35,DeCon,VMFB,25.9,TNR,5
sub-35,mni,VMFB,0.0,TNR,5
sub-36,DeCon,VM,33.3,TNR,5
sub-36,mni,VM,0.0,TNR,5
sub-37,DeCon,VMFB,69.6,TNR,5
sub-37,mni,VMFB,0.0,TNR,5
sub-38,DeCon,VM,69.6,TNR,5
sub-38,mni,VM,0.0,TNR,5
sub-39,DeCon,VMFB,50.0,TNR,5
sub-39,mni,VMFB,0.0,TNR,5
sub-40,DeCon,PropFB,52.4,TNR,5
sub-40,DeCon,PropFB,59.1,TNR,5
sub-40,mni,PropFB,0.0,TNR,5
sub-40,mni,PropFB,0.0,TNR,5
sub-42,DeCon,Prop,52.9,TNR,5
sub-42,mni,Prop,0.0,TNR,5
sub-43,DeCon,Prop,45.8,TNR,5
sub-43,mni,Prop,0.0,TNR,5
sub-44,DeCon,VMFB,73.7,TNR,5
sub-44,mni,VMFB,0.0,TNR,5
sub-49,DeCon,PropFB,78.3,TNR,5
sub-49,mni,PropFB,0.0,TNR,5
sub-52,DeCon,VM,41.7,TNR,5
sub-52,mni,VM,0.0,TNR,5
sub-54,DeCon,VM,63.2,TNR,5
sub-54,mni,VM,0.0,TNR,5
sub-58,DeCon,Prop,58.3,TNR,5
sub-58,mni,Prop,0.0,TNR,5
sub-60,DeCon,VMFB,85.7,TNR,5
sub-60,mni,VMFB,0.0,TNR,5
sub-65,DeCon,PropFB,51.9,TNR,5
sub-65,mni,PropFB,0.0,TNR,5
sub-69,DeCon,VM,57.1,TNR,5
sub-69,mni,VM,0.0,TNR,5
sub-71,DeCon,Prop,64.3,TNR,5
sub-71,mni,Prop,0.0,TNR,5
sub-73,DeCon,VM,32.0,TNR,5
sub-73,mni,VM,0.0,TNR,5
sub-74,DeCon,VM,58.6,TNR,5
sub-74,mni,VM,0.0,TNR,5
sub-75,DeCon,PropFB,60.0,TNR,5
sub-75,mni,PropFB,0.0,TNR,5
sub-76,DeCon,VMFB,48.5,TNR,5
sub-76,mni,VMFB,0.0,TNR,5
sub-77,DeCon,VM,65.0,TNR,5
sub-77,mni,VM,0.0,TNR,5
sub-01,DeCon,PropFB,68.4,TNR,10
sub-01,mni,PropFB,21.4,TNR,10
sub-10,DeCon,PropFB,28.0,TNR,10
sub-10,mni,PropFB,15.4,TNR,10
sub-11,DeCon,Prop,75.0,TNR,10
sub-11,mni,Prop,63.6,TNR,10
sub-12,DeCon,Prop,67.7,TNR,10
sub-12,mni,Prop,58.3,TNR,10
sub-13,DeCon,PropFB,44.4,TNR,10
sub-13,mni,PropFB,50.0,TNR,10
sub-14,DeCon,VM,61.5,TNR,10
sub-14,mni,VM,61.5,TNR,10
sub-15,DeCon,VMFB,66.7,TNR,10
sub-15,mni,VMFB,60.0,TNR,10
sub-16,DeCon,VM,65.5,TNR,10
sub-16,mni,VM,43.8,TNR,10
sub-17,DeCon,VMFB,59.1,TNR,10
sub-17,mni,VMFB,77.8,TNR,10
sub-18,DeCon,Prop,76.7,TNR,10
sub-18,mni,Prop,72.7,TNR,10
sub-19,DeCon,PropFB,64.0,TNR,10
sub-19,mni,PropFB,25.0,TNR,10
sub-27,DeCon,Prop,57.1,TNR,10
sub-27,mni,Prop,40.0,TNR,10
sub-28,DeCon,VMFB,66.7,TNR,10
sub-28,mni,VMFB,0.0,TNR,10
sub-29,DeCon,Prop,54.2,TNR,10
sub-29,DeCon,Prop,52.9,TNR,10
sub-29,mni,Prop,50.0,TNR,10
sub-29,mni,Prop,0.0,TNR,10
sub-30,DeCon,VMFB,64.3,TNR,10
sub-30,mni,VMFB,0.0,TNR,10
sub-31,DeCon,VM,81.5,TNR,10
sub-31,mni,VM,0.0,TNR,10
sub-32,DeCon,VMFB,60.0,TNR,10
sub-32,mni,VMFB,0.0,TNR,10
sub-33,DeCon,PropFB,58.8,TNR,10
sub-33,mni,PropFB,0.0,TNR,10
sub-34,DeCon,Prop,75.0,TNR,10
sub-34,mni,Prop,0.0,TNR,10
sub-35,DeCon,VMFB,29.6,TNR,10
sub-35,mni,VMFB,0.0,TNR,10
sub-36,DeCon,VM,33.3,TNR,10
sub-36,mni,VM,0.0,TNR,10
sub-37,DeCon,VMFB,73.9,TNR,10
sub-37,mni,VMFB,0.0,TNR,10
sub-38,DeCon,VM,69.6,TNR,10
sub-38,mni,VM,0.0,TNR,10
sub-39,DeCon,VMFB,57.1,TNR,10
sub-39,mni,VMFB,0.0,TNR,10
sub-40,DeCon,PropFB,52.4,TNR,10
sub-40,DeCon,PropFB,63.6,TNR,10
sub-40,mni,PropFB,0.0,TNR,10
sub-40,mni,PropFB,0.0,TNR,10
sub-42,DeCon,Prop,58.8,TNR,10
sub-42,mni,Prop,0.0,TNR,10
sub-43,DeCon,Prop,54.2,TNR,10
sub-43,mni,Prop,0.0,TNR,10
sub-44,DeCon,VMFB,73.7,TNR,10
sub-44,mni,VMFB,0.0,TNR,10
sub-49,DeCon,PropFB,87.0,TNR,10
sub-49,mni,PropFB,0.0,TNR,10
sub-52,DeCon,VM,45.8,TNR,10
sub-52,mni,VM,0.0,TNR,10
sub-54,DeCon,VM,68.4,TNR,10
sub-54,mni,VM,0.0,TNR,10
sub-58,DeCon,Prop,66.7,TNR,10
sub-58,mni,Prop,0.0,TNR,10
sub-60,DeCon,VMFB,85.7,TNR,10
sub-60,mni,VMFB,0.0,TNR,10
sub-65,DeCon,PropFB,51.9,TNR,10
sub-65,mni,PropFB,0.0,TNR,10
sub-69,DeCon,VM,71.4,TNR,10
sub-69,mni,VM,0.0,TNR,10
sub-71,DeCon,Prop,71.4,TNR,10
sub-71,mni,Prop,0.0,TNR,10
sub-73,DeCon,VM,40.0,TNR,10
sub-73,mni,VM,0.0,TNR,10
sub-74,DeCon,VM,58.6,TNR,10
sub-74,mni,VM,0.0,TNR,10
sub-75,DeCon,PropFB,73.3,TNR,10
sub-75,mni,PropFB,0.0,TNR,10
sub-76,DeCon,VMFB,63.6,TNR,10
sub-76,mni,VMFB,0.0,TNR,10
sub-77,DeCon,VM,70.0,TNR,10
sub-77,mni,VM,0.0,TNR,10
sub-01,DeCon,PropFB,73.7,TNR,20
sub-01,mni,PropFB,35.7,TNR,20
sub-10,DeCon,PropFB,28.0,TNR,20
sub-10,mni,PropFB,19.2,TNR,20
sub-11,DeCon,Prop,83.3,TNR,20
sub-11,mni,Prop,63.6,TNR,20
sub-12,DeCon,Prop,71.0,TNR,20
sub-12,mni,Prop,66.7,TNR,20
sub-13,DeCon,PropFB,48.1,TNR,20
sub-13,mni,PropFB,75.0,TNR,20
sub-14,DeCon,VM,69.2,TNR,20
sub-14,mni,VM,69.2,TNR,20
sub-15,DeCon,VMFB,74.1,TNR,20
sub-15,mni,VMFB,80.0,TNR,20
sub-16,DeCon,VM,75.9,TNR,20
sub-16,mni,VM,62.5,TNR,20
sub-17,DeCon,VMFB,68.2,TNR,20
sub-17,mni,VMFB,88.9,TNR,20
sub-18,DeCon,Prop,83.3,TNR,20
sub-18,mni,Prop,81.8,TNR,20
sub-19,DeCon,PropFB,64.0,TNR,20
sub-19,mni,PropFB,50.0,TNR,20
sub-27,DeCon,Prop,64.3,TNR,20
sub-27,mni,Prop,50.0,TNR,20
sub-28,DeCon,VMFB,70.8,TNR,20
sub-28,mni,VMFB,33.3,TNR,20
sub-29,DeCon,Prop,66.7,TNR,20
sub-29,DeCon,Prop,70.6,TNR,20
sub-29,mni,Prop,50.0,TNR,20
sub-29,mni,Prop,0.0,TNR,20
sub-30,DeCon,VMFB,75.0,TNR,20
sub-30,mni,VMFB,0.0,TNR,20
sub-31,DeCon,VM,81.5,TNR,20
sub-31,mni,VM,0.0,TNR,20
sub-32,DeCon,VMFB,60.0,TNR,20
sub-32,mni,VMFB,0.0,TNR,20
sub-33,DeCon,PropFB,76.5,TNR,20
sub-33,mni,PropFB,0.0,TNR,20
sub-34,DeCon,Prop,83.3,TNR,20
sub-34,mni,Prop,0.0,TNR,20
sub-35,DeCon,VMFB,29.6,TNR,20
sub-35,mni,VMFB,0.0,TNR,20
sub-36,DeCon,VM,33.3,TNR,20
sub-36,mni,VM,0.0,TNR,20
sub-37,DeCon,VMFB,78.3,TNR,20
sub-37,mni,VMFB,0.0,TNR,20
sub-38,DeCon,VM,87.0,TNR,20
sub-38,mni,VM,0.0,TNR,20
sub-39,DeCon,VMFB,57.1,TNR,20
sub-39,mni,VMFB,0.0,TNR,20
sub-40,DeCon,PropFB,61.9,TNR,20
sub-40,DeCon,PropFB,86.4,TNR,20
sub-40,mni,PropFB,0.0,TNR,20
sub-40,mni,PropFB,0.0,TNR,20
sub-42,DeCon,Prop,61.8,TNR,20
sub-42,mni,Prop,0.0,TNR,20
sub-43,DeCon,Prop,66.7,TNR,20
sub-43,mni,Prop,0.0,TNR,20
sub-44,DeCon,VMFB,78.9,TNR,20
sub-44,mni,VMFB,0.0,TNR,20
sub-49,DeCon,PropFB,91.3,TNR,20
sub-49,mni,PropFB,0.0,TNR,20
sub-52,DeCon,VM,66.7,TNR,20
sub-52,mni,VM,0.0,TNR,20
sub-54,DeCon,VM,71.1,TNR,20
sub-54,mni,VM,0.0,TNR,20
sub-58,DeCon,Prop,70.8,TNR,20
sub-58,mni,Prop,0.0,TNR,20
sub-60,DeCon,VMFB,85.7,TNR,20
sub-60,mni,VMFB,0.0,TNR,20
sub-65,DeCon,PropFB,59.3,TNR,20
sub-65,mni,PropFB,0.0,TNR,20
sub-69,DeCon,VM,81.0,TNR,20
sub-69,mni,VM,0.0,TNR,20
sub-71,DeCon,Prop,71.4,TNR,20
sub-71,mni,Prop,0.0,TNR,20
sub-73,DeCon,VM,56.0,TNR,20
sub-73,mni,VM,0.0,TNR,20
sub-74,DeCon,VM,65.5,TNR,20
sub-74,mni,VM,0.0,TNR,20
sub-75,DeCon,PropFB,80.0,TNR,20
sub-75,mni,PropFB,0.0,TNR,20
sub-76,DeCon,VMFB,75.8,TNR,20
sub-76,mni,VMFB,0.0,TNR,20
sub-77,DeCon,VM,80.0,TNR,20
sub-77,mni,VM,0.0,TNR,20
sub-01,DeCon,PropFB,78.9,TNR,30
sub-01,mni,PropFB,64.3,TNR,30
sub-10,DeCon,PropFB,28.0,TNR,30
sub-10,mni,PropFB,26.9,TNR,30
sub-11,DeCon,Prop,91.7,TNR,30
sub-11,mni,Prop,72.7,TNR,30
sub-12,DeCon,Prop,80.6,TNR,30
sub-12,mni,Prop,66.7,TNR,30
sub-13,DeCon,PropFB,48.1,TNR,30
sub-13,mni,PropFB,75.0,TNR,30
sub-14,DeCon,VM,73.1,TNR,30
sub-14,mni,VM,73.1,TNR,30
sub-15,DeCon,VMFB,77.8,TNR,30
sub-15,mni,VMFB,80.0,TNR,30
sub-16,DeCon,VM,79.3,TNR,30
sub-16,mni,VM,81.2,TNR,30
sub-17,DeCon,VMFB,68.2,TNR,30
sub-17,mni,VMFB,88.9,TNR,30
sub-18,DeCon,Prop,86.7,TNR,30
sub-18,mni,Prop,81.8,TNR,30
sub-19,DeCon,PropFB,68.0,TNR,30
sub-19,mni,PropFB,66.7,TNR,30
sub-27,DeCon,Prop,75.0,TNR,30
sub-27,mni,Prop,70.0,TNR,30
sub-28,DeCon,VMFB,79.2,TNR,30
sub-28,mni,VMFB,100.0,TNR,30
sub-29,DeCon,Prop,87.5,TNR,30
sub-29,DeCon,Prop,70.6,TNR,30
sub-29,mni,Prop,80.0,TNR,30
sub-29,mni,Prop,0.0,TNR,30
sub-30,DeCon,VMFB,78.6,TNR,30
sub-30,mni,VMFB,0.0,TNR,30
sub-31,DeCon,VM,92.6,TNR,30
sub-31,mni,VM,0.0,TNR,30
sub-32,DeCon,VMFB,60.0,TNR,30
sub-32,mni,VMFB,0.0,TNR,30
sub-33,DeCon,PropFB,76.5,TNR,30
sub-33,mni,PropFB,0.0,TNR,30
sub-34,DeCon,Prop,83.3,TNR,30
sub-34,mni,Prop,0.0,TNR,30
sub-35,DeCon,VMFB,37.0,TNR,30
sub-35,mni,VMFB,0.0,TNR,30
sub-36,DeCon,VM,33.3,TNR,30
sub-36,mni,VM,0.0,TNR,30
sub-37,DeCon,VMFB,82.6,TNR,30
sub-37,mni,VMFB,0.0,TNR,30
sub-38,DeCon,VM,87.0,TNR,30
sub-38,mni,VM,0.0,TNR,30
sub-39,DeCon,VMFB,57.1,TNR,30
sub-39,mni,VMFB,0.0,TNR,30
sub-40,DeCon,PropFB,71.4,TNR,30
sub-40,DeCon,PropFB,86.4,TNR,30
sub-40,mni,PropFB,0.0,TNR,30
sub-40,mni,PropFB,0.0,TNR,30
sub-42,DeCon,Prop,61.8,TNR,30
sub-42,mni,Prop,0.0,TNR,30
sub-43,DeCon,Prop,75.0,TNR,30
sub-43,mni,Prop,0.0,TNR,30
sub-44,DeCon,VMFB,94.7,TNR,30
sub-44,mni,VMFB,0.0,TNR,30
sub-49,DeCon,PropFB,91.3,TNR,30
sub-49,mni,PropFB,0.0,TNR,30
sub-52,DeCon,VM,91.7,TNR,30
sub-52,mni,VM,0.0,TNR,30
sub-54,DeCon,VM,73.7,TNR,30
sub-54,mni,VM,0.0,TNR,30
sub-58,DeCon,Prop,83.3,TNR,30
sub-58,mni,Prop,0.0,TNR,30
sub-60,DeCon,VMFB,85.7,TNR,30
sub-60,mni,VMFB,0.0,TNR,30
sub-65,DeCon,PropFB,59.3,TNR,30
sub-65,mni,PropFB,0.0,TNR,30
sub-69,DeCon,VM,81.0,TNR,30
sub-69,mni,VM,0.0,TNR,30
sub-71,DeCon,Prop,71.4,TNR,30
sub-71,mni,Prop,0.0,TNR,30
sub-73,DeCon,VM,60.0,TNR,30
sub-73,mni,VM,0.0,TNR,30
sub-74,DeCon,VM,65.5,TNR,30
sub-74,mni,VM,0.0,TNR,30
sub-75,DeCon,PropFB,93.3,TNR,30
sub-75,mni,PropFB,0.0,TNR,30
sub-76,DeCon,VMFB,75.8,TNR,30
sub-76,mni,VMFB,0.0,TNR,30
sub-77,DeCon,VM,90.0,TNR,30
sub-77,mni,VM,0.0,TNR,30
sub-01,DeCon,PropFB,84.2,TNR,40
sub-01,mni,PropFB,71.4,TNR,40
sub-10,DeCon,PropFB,30.0,TNR,40
sub-10,mni,PropFB,38.5,TNR,40
sub-11,DeCon,Prop,91.7,TNR,40
sub-11,mni,Prop,81.8,TNR,40
sub-12,DeCon,Prop,83.9,TNR,40
sub-12,mni,Prop,75.0,TNR,40
sub-13,DeCon,PropFB,48.1,TNR,40
sub-13,mni,PropFB,75.0,TNR,40
sub-14,DeCon,VM,73.1,TNR,40
sub-14,mni,VM,73.1,TNR,40
sub-15,DeCon,VMFB,77.8,TNR,40
sub-15,mni,VMFB,80.0,TNR,40
sub-16,DeCon,VM,86.2,TNR,40
sub-16,mni,VM,87.5,TNR,40
sub-17,DeCon,VMFB,77.3,TNR,40
sub-17,mni,VMFB,100.0,TNR,40
sub-18,DeCon,Prop,86.7,TNR,40
sub-18,mni,Prop,81.8,TNR,40
sub-19,DeCon,PropFB,80.0,TNR,40
sub-19,mni,PropFB,66.7,TNR,40
sub-27,DeCon,Prop,75.0,TNR,40
sub-27,mni,Prop,70.0,TNR,40
sub-28,DeCon,VMFB,83.3,TNR,40
sub-28,mni,VMFB,100.0,TNR,40
sub-29,DeCon,Prop,87.5,TNR,40
sub-29,DeCon,Prop,70.6,TNR,40
sub-29,mni,Prop,80.0,TNR,40
sub-29,mni,Prop,0.0,TNR,40
sub-30,DeCon,VMFB,82.1,TNR,40
sub-30,mni,VMFB,0.0,TNR,40
sub-31,DeCon,VM,96.3,TNR,40
sub-31,mni,VM,0.0,TNR,40
sub-32,DeCon,VMFB,70.0,TNR,40
sub-32,mni,VMFB,0.0,TNR,40
sub-33,DeCon,PropFB,88.2,TNR,40
sub-33,mni,PropFB,0.0,TNR,40
sub-34,DeCon,Prop,83.3,TNR,40
sub-34,mni,Prop,0.0,TNR,40
sub-35,DeCon,VMFB,40.7,TNR,40
sub-35,mni,VMFB,0.0,TNR,40
sub-36,DeCon,VM,37.5,TNR,40
sub-36,mni,VM,0.0,TNR,40
sub-37,DeCon,VMFB,87.0,TNR,40
sub-37,mni,VMFB,0.0,TNR,40
sub-38,DeCon,VM,87.0,TNR,40
sub-38,mni,VM,0.0,TNR,40
sub-39,DeCon,VMFB,64.3,TNR,40
sub-39,mni,VMFB,0.0,TNR,40
sub-40,DeCon,PropFB,71.4,TNR,40
sub-40,DeCon,PropFB,90.9,TNR,40
sub-40,mni,PropFB,0.0,TNR,40
sub-40,mni,PropFB,0.0,TNR,40
sub-42,DeCon,Prop,61.8,TNR,40
sub-42,mni,Prop,0.0,TNR,40
sub-43,DeCon,Prop,75.0,TNR,40
sub-43,mni,Prop,0.0,TNR,40
sub-44,DeCon,VMFB,100.0,TNR,40
sub-44,mni,VMFB,0.0,TNR,40
sub-49,DeCon,PropFB,91.3,TNR,40
sub-49,mni,PropFB,0.0,TNR,40
sub-52,DeCon,VM,91.7,TNR,40
sub-52,mni,VM,0.0,TNR,40
sub-54,DeCon,VM,81.6,TNR,40
sub-54,mni,VM,0.0,TNR,40
sub-58,DeCon,Prop,83.3,TNR,40
sub-58,mni,Prop,0.0,TNR,40
sub-60,DeCon,VMFB,85.7,TNR,40
sub-60,mni,VMFB,0.0,TNR,40
sub-65,DeCon,PropFB,63.0,TNR,40
sub-65,mni,PropFB,0.0,TNR,40
sub-69,DeCon,VM,81.0,TNR,40
sub-69,mni,VM,0.0,TNR,40
sub-71,DeCon,Prop,71.4,TNR,40
sub-71,mni,Prop,0.0,TNR,40
sub-73,DeCon,VM,64.0,TNR,40
sub-73,mni,VM,0.0,TNR,40
sub-74,DeCon,VM,75.9,TNR,40
sub-74,mni,VM,0.0,TNR,40
sub-75,DeCon,PropFB,100.0,TNR,40
sub-75,mni,PropFB,0.0,TNR,40
sub-76,DeCon,VMFB,78.8,TNR,40
sub-76,mni,VMFB,0.0,TNR,40
sub-77,DeCon,VM,90.0,TNR,40
sub-77,mni,VM,0.0,TNR,40
sub-01,DeCon,PropFB,89.5,TNR,50
sub-01,mni,PropFB,85.7,TNR,50
sub-10,DeCon,PropFB,32.0,TNR,50
sub-10,mni,PropFB,38.5,TNR,50
sub-11,DeCon,Prop,95.8,TNR,50
sub-11,mni,Prop,81.8,TNR,50
sub-12,DeCon,Prop,87.1,TNR,50
sub-12,mni,Prop,75.0,TNR,50
sub-13,DeCon,PropFB,51.9,TNR,50
sub-13,mni,PropFB,75.0,TNR,50
sub-14,DeCon,VM,73.1,TNR,50
sub-14,mni,VM,73.1,TNR,50
sub-15,DeCon,VMFB,77.8,TNR,50
sub-15,mni,VMFB,80.0,TNR,50
sub-16,DeCon,VM,93.1,TNR,50
sub-16,mni,VM,87.5,TNR,50
sub-17,DeCon,VMFB,86.4,TNR,50
sub-17,mni,VMFB,100.0,TNR,50
sub-18,DeCon,Prop,90.0,TNR,50
sub-18,mni,Prop,81.8,TNR,50
sub-19,DeCon,PropFB,84.0,TNR,50
sub-19,mni,PropFB,66.7,TNR,50
sub-27,DeCon,Prop,78.6,TNR,50
sub-27,mni,Prop,80.0,TNR,50
sub-28,DeCon,VMFB,83.3,TNR,50
sub-28,mni,VMFB,100.0,TNR,50
sub-29,DeCon,Prop,87.5,TNR,50
sub-29,DeCon,Prop,82.4,TNR,50
sub-29,mni,Prop,80.0,TNR,50
sub-29,mni,Prop,0.0,TNR,50
sub-30,DeCon,VMFB,82.1,TNR,50
sub-30,mni,VMFB,0.0,TNR,50
sub-31,DeCon,VM,96.3,TNR,50
sub-31,mni,VM,0.0,TNR,50
sub-32,DeCon,VMFB,75.0,TNR,50
sub-32,mni,VMFB,0.0,TNR,50
sub-33,DeCon,PropFB,94.1,TNR,50
sub-33,mni,PropFB,0.0,TNR,50
sub-34,DeCon,Prop,83.3,TNR,50
sub-34,mni,Prop,0.0,TNR,50
sub-35,DeCon,VMFB,51.9,TNR,50
sub-35,mni,VMFB,0.0,TNR,50
sub-36,DeCon,VM,37.5,TNR,50
sub-36,mni,VM,0.0,TNR,50
sub-37,DeCon,VMFB,91.3,TNR,50
sub-37,mni,VMFB,0.0,TNR,50
sub-38,DeCon,VM,87.0,TNR,50
sub-38,mni,VM,0.0,TNR,50
sub-39,DeCon,VMFB,71.4,TNR,50
sub-39,mni,VMFB,0.0,TNR,50
sub-40,DeCon,PropFB,71.4,TNR,50
sub-40,DeCon,PropFB,90.9,TNR,50
sub-40,mni,PropFB,0.0,TNR,50
sub-40,mni,PropFB,0.0,TNR,50
sub-42,DeCon,Prop,61.8,TNR,50
sub-42,mni,Prop,0.0,TNR,50
sub-43,DeCon,Prop,79.2,TNR,50
sub-43,mni,Prop,0.0,TNR,50
sub-44,DeCon,VMFB,100.0,TNR,50
sub-44,mni,VMFB,0.0,TNR,50
sub-49,DeCon,PropFB,100.0,TNR,50
sub-49,mni,PropFB,0.0,TNR,50
sub-52,DeCon,VM,91.7,TNR,50
sub-52,mni,VM,0.0,TNR,50
sub-54,DeCon,VM,84.2,TNR,50
sub-54,mni,VM,0.0,TNR,50
sub-58,DeCon,Prop,83.3,TNR,50
sub-58,mni,Prop,0.0,TNR,50
sub-60,DeCon,VMFB,92.9,TNR,50
sub-60,mni,VMFB,0.0,TNR,50
sub-65,DeCon,PropFB,70.4,TNR,50
sub-65,mni,PropFB,0.0,TNR,50
sub-69,DeCon,VM,81.0,TNR,50
sub-69,mni,VM,0.0,TNR,50
sub-71,DeCon,Prop,78.6,TNR,50
sub-71,mni,Prop,0.0,TNR,50
sub-73,DeCon,VM,64.0,TNR,50
sub-73,mni,VM,0.0,TNR,50
sub-74,DeCon,VM,86.2,TNR,50
sub-74,mni,VM,0.0,TNR,50
sub-75,DeCon,PropFB,100.0,TNR,50
sub-75,mni,PropFB,0.0,TNR,50
sub-76,DeCon,VMFB,93.9,TNR,50
sub-76,mni,VMFB,0.0,TNR,50
sub-77,DeCon,VM,90.0,TNR,50
sub-77,mni,VM,0.0,TNR,50
sub-01,DeCon,PropFB,89.475,weighted_average,1
sub-01,mni,PropFB,75.0,weighted_average,1
sub-10,DeCon,PropFB,78.5,weighted_average,1
sub-10,mni,PropFB,76.925,weighted_average,1
sub-11,DeCon,Prop,86.07499999999999,weighted_average,1
sub-11,mni,Prop,81.85,weighted_average,1
sub-12,DeCon,Prop,87.1,weighted_average,1
sub-12,mni,Prop,80.19999999999999,weighted_average,1
sub-13,DeCon,PropFB,81.89999999999999,weighted_average,1
sub-13,mni,PropFB,75.0,weighted_average,1
sub-14,DeCon,VM,81.725,weighted_average,1
sub-14,mni,VM,78.04999999999998,weighted_average,1
sub-15,DeCon,VMFB,86.1,weighted_average,1
sub-15,mni,VMFB,87.15,weighted_average,1
sub-16,DeCon,VM,83.04999999999998,weighted_average,1
sub-16,mni,VM,77.45,weighted_average,1
sub-17,DeCon,VMFB,85.225,weighted_average,1
sub-17,mni,VMFB,82.27499999999999,weighted_average,1
sub-18,DeCon,Prop,87.675,weighted_average,1
sub-18,mni,Prop,83.04999999999998,weighted_average,1
sub-19,DeCon,PropFB,85.0,weighted_average,1
sub-19,mni,PropFB,77.075,weighted_average,1
sub-27,DeCon,Prop,86.6,weighted_average,1
sub-27,mni,Prop,77.5,weighted_average,1
sub-28,DeCon,VMFB,85.425,weighted_average,1
sub-28,mni,VMFB,71.92500000000001,weighted_average,1
sub-29,DeCon,Prop,85.425,weighted_average,1
sub-29,DeCon,Prop,85.3,weighted_average,1
sub-29,mni,Prop,82.5,weighted_average,1
sub-29,mni,Prop,75.0,weighted_average,1
sub-30,DeCon,VMFB,84.825,weighted_average,1
sub-30,mni,VMFB,75.0,weighted_average,1
sub-31,DeCon,VM,85.125,weighted_average,1
sub-31,mni,VM,75.0,weighted_average,1
sub-32,DeCon,VMFB,83.75,weighted_average,1
sub-32,mni,VMFB,75.0,weighted_average,1
sub-33,DeCon,PropFB,77.95,weighted_average,1
sub-33,mni,PropFB,75.0,weighted_average,1
sub-34,DeCon,Prop,85.425,weighted_average,1
sub-34,mni,Prop,75.0,weighted_average,1
sub-35,DeCon,VMFB,78.7,weighted_average,1
sub-35,mni,VMFB,75.0,weighted_average,1
sub-36,DeCon,VM,80.2,weighted_average,1
sub-36,mni,VM,75.0,weighted_average,1
sub-37,DeCon,VMFB,90.225,weighted_average,1
sub-37,mni,VMFB,75.0,weighted_average,1
sub-38,DeCon,VM,88.05,weighted_average,1
sub-38,mni,VM,75.0,weighted_average,1
sub-39,DeCon,VMFB,85.725,weighted_average,1
sub-39,mni,VMFB,75.0,weighted_average,1
sub-40,DeCon,PropFB,82.15,weighted_average,1
sub-40,DeCon,PropFB,86.15,weighted_average,1
sub-40,mni,PropFB,75.0,weighted_average,1
sub-40,mni,PropFB,75.0,weighted_average,1
sub-42,DeCon,Prop,84.55,weighted_average,1
sub-42,mni,Prop,75.0,weighted_average,1
sub-43,DeCon,Prop,81.25,weighted_average,1
sub-43,mni,Prop,75.0,weighted_average,1
sub-44,DeCon,VMFB,85.525,weighted_average,1
sub-44,mni,VMFB,75.0,weighted_average,1
sub-49,DeCon,PropFB,89.125,weighted_average,1
sub-49,mni,PropFB,75.0,weighted_average,1
sub-52,DeCon,VM,83.325,weighted_average,1
sub-52,mni,VM,75.0,weighted_average,1
sub-54,DeCon,VM,85.525,weighted_average,1
sub-54,mni,VM,75.0,weighted_average,1
sub-58,DeCon,Prop,86.45,weighted_average,1
sub-58,mni,Prop,75.0,weighted_average,1
sub-60,DeCon,VMFB,82.15,weighted_average,1
sub-60,mni,VMFB,75.0,weighted_average,1
sub-65,DeCon,PropFB,87.025,weighted_average,1
sub-65,mni,PropFB,75.0,weighted_average,1
sub-69,DeCon,VM,88.1,weighted_average,1
sub-69,mni,VM,75.0,weighted_average,1
sub-71,DeCon,Prop,85.725,weighted_average,1
sub-71,mni,Prop,75.0,weighted_average,1
sub-73,DeCon,VM,83.0,weighted_average,1
sub-73,mni,VM,75.0,weighted_average,1
sub-74,DeCon,VM,87.075,weighted_average,1
sub-74,mni,VM,75.0,weighted_average,1
sub-75,DeCon,PropFB,86.675,weighted_average,1
sub-75,mni,PropFB,75.0,weighted_average,1
sub-76,DeCon,VMFB,84.85,weighted_average,1
sub-76,mni,VMFB,75.0,weighted_average,1
sub-77,DeCon,VM,88.75,weighted_average,1
sub-77,mni,VM,75.0,weighted_average,1
sub-01,DeCon,PropFB,90.8,weighted_average,2
sub-01,mni,PropFB,76.775,weighted_average,2
sub-10,DeCon,PropFB,79.5,weighted_average,2
sub-10,mni,PropFB,77.875,weighted_average,2
sub-11,DeCon,Prop,88.14999999999999,weighted_average,2
sub-11,mni,Prop,81.85,weighted_average,2
sub-12,DeCon,Prop,88.7,weighted_average,2
sub-12,mni,Prop,81.22500000000001,weighted_average,2
sub-13,DeCon,PropFB,83.74999999999999,weighted_average,2
sub-13,mni,PropFB,81.25,weighted_average,2
sub-14,DeCon,VM,85.575,weighted_average,2
sub-14,mni,VM,81.89999999999999,weighted_average,2
sub-15,DeCon,VMFB,87.025,weighted_average,2
sub-15,mni,VMFB,87.15,weighted_average,2
sub-16,DeCon,VM,84.77499999999999,weighted_average,2
sub-16,mni,VM,77.45,weighted_average,2
sub-17,DeCon,VMFB,85.1,weighted_average,2
sub-17,mni,VMFB,85.04999999999998,weighted_average,2
sub-18,DeCon,Prop,89.5,weighted_average,2
sub-18,mni,Prop,81.92499999999998,weighted_average,2
sub-19,DeCon,PropFB,87.0,weighted_average,2
sub-19,mni,PropFB,79.175,weighted_average,2
sub-27,DeCon,Prop,86.6,weighted_average,2
sub-27,mni,Prop,77.5,weighted_average,2
sub-28,DeCon,VMFB,83.99999999999999,weighted_average,2
sub-28,mni,VMFB,71.92500000000001,weighted_average,2
sub-29,DeCon,Prop,85.425,weighted_average,2
sub-29,DeCon,Prop,85.3,weighted_average,2
sub-29,mni,Prop,82.5,weighted_average,2
sub-29,mni,Prop,75.0,weighted_average,2
sub-30,DeCon,VMFB,84.825,weighted_average,2
sub-30,mni,VMFB,75.0,weighted_average,2
sub-31,DeCon,VM,88.32499999999999,weighted_average,2
sub-31,mni,VM,75.0,weighted_average,2
sub-32,DeCon,VMFB,85.0,weighted_average,2
sub-32,mni,VMFB,75.0,weighted_average,2
sub-33,DeCon,PropFB,76.57499999999999,weighted_average,2
sub-33,mni,PropFB,75.0,weighted_average,2
sub-34,DeCon,Prop,87.5,weighted_average,2
sub-34,mni,Prop,75.0,weighted_average,2
sub-35,DeCon,VMFB,79.625,weighted_average,2
sub-35,mni,VMFB,75.0,weighted_average,2
sub-36,DeCon,VM,80.2,weighted_average,2
sub-36,mni,VM,75.0,weighted_average,2
sub-37,DeCon,VMFB,91.3,weighted_average,2
sub-37,mni,VMFB,75.0,weighted_average,2
sub-38,DeCon,VM,88.05,weighted_average,2
sub-38,mni,VM,75.0,weighted_average,2
sub-39,DeCon,VMFB,87.5,weighted_average,2
sub-39,mni,VMFB,75.0,weighted_average,2
sub-40,DeCon,PropFB,85.725,weighted_average,2
sub-40,DeCon,PropFB,86.15,weighted_average,2
sub-40,mni,PropFB,75.0,weighted_average,2
sub-40,mni,PropFB,75.0,weighted_average,2
sub-42,DeCon,Prop,86.775,weighted_average,2
sub-42,mni,Prop,75.0,weighted_average,2
sub-43,DeCon,Prop,84.375,weighted_average,2
sub-43,mni,Prop,75.0,weighted_average,2
sub-44,DeCon,VMFB,88.15,weighted_average,2
sub-44,mni,VMFB,75.0,weighted_average,2
sub-49,DeCon,PropFB,90.9,weighted_average,2
sub-49,mni,PropFB,75.0,weighted_average,2
sub-52,DeCon,VM,84.375,weighted_average,2
sub-52,mni,VM,75.0,weighted_average,2
sub-54,DeCon,VM,88.825,weighted_average,2
sub-54,mni,VM,75.0,weighted_average,2
sub-58,DeCon,Prop,88.55,weighted_average,2
sub-58,mni,Prop,75.0,weighted_average,2
sub-60,DeCon,VMFB,89.275,weighted_average,2
sub-60,mni,VMFB,75.0,weighted_average,2
sub-65,DeCon,PropFB,87.975,weighted_average,2
sub-65,mni,PropFB,75.0,weighted_average,2
sub-69,DeCon,VM,89.275,weighted_average,2
sub-69,mni,VM,75.0,weighted_average,2
sub-71,DeCon,Prop,89.95,weighted_average,2
sub-71,mni,Prop,75.0,weighted_average,2
sub-73,DeCon,VM,83.0,weighted_average,2
sub-73,mni,VM,75.0,weighted_average,2
sub-74,DeCon,VM,88.8,weighted_average,2
sub-74,mni,VM,75.0,weighted_average,2
sub-75,DeCon,PropFB,88.325,weighted_average,2
sub-75,mni,PropFB,75.0,weighted_average,2
sub-76,DeCon,VMFB,85.6,weighted_average,2
sub-76,mni,VMFB,75.0,weighted_average,2
sub-77,DeCon,VM,91.25,weighted_average,2
sub-77,mni,VM,75.0,weighted_average,2
sub-01,DeCon,PropFB,89.60000000000001,weighted_average,5
sub-01,mni,PropFB,78.575,weighted_average,5
sub-10,DeCon,PropFB,82.0,weighted_average,5
sub-10,mni,PropFB,77.875,weighted_average,5
sub-11,DeCon,Prop,88.89999999999999,weighted_average,5
sub-11,mni,Prop,84.125,weighted_average,5
sub-12,DeCon,Prop,89.69999999999999,weighted_average,5
sub-12,mni,Prop,81.125,weighted_average,5
sub-13,DeCon,PropFB,83.74999999999999,weighted_average,5
sub-13,mni,PropFB,80.275,weighted_average,5
sub-14,DeCon,VM,88.45,weighted_average,5
sub-14,mni,VM,83.8,weighted_average,5
sub-15,DeCon,VMFB,87.975,weighted_average,5
sub-15,mni,VMFB,87.15,weighted_average,5
sub-16,DeCon,VM,88.225,weighted_average,5
sub-16,mni,VM,80.55,weighted_average,5
sub-17,DeCon,VMFB,88.5,weighted_average,5
sub-17,mni,VMFB,87.85,weighted_average,5
sub-18,DeCon,Prop,91.175,weighted_average,5
sub-18,mni,Prop,85.4,weighted_average,5
sub-19,DeCon,PropFB,90.0,weighted_average,5
sub-19,mni,PropFB,81.25,weighted_average,5
sub-27,DeCon,Prop,87.5,weighted_average,5
sub-27,mni,Prop,85.0,weighted_average,5
sub-28,DeCon,VMFB,86.07499999999999,weighted_average,5
sub-28,mni,VMFB,69.9,weighted_average,5
sub-29,DeCon,Prop,86.45,weighted_average,5
sub-29,DeCon,Prop,86.775,weighted_average,5
sub-29,mni,Prop,86.44999999999999,weighted_average,5
sub-29,mni,Prop,75.0,weighted_average,5
sub-30,DeCon,VMFB,85.475,weighted_average,5
sub-30,mni,VMFB,75.0,weighted_average,5
sub-31,DeCon,VM,91.1,weighted_average,5
sub-31,mni,VM,75.0,weighted_average,5
sub-32,DeCon,VMFB,88.75,weighted_average,5
sub-32,mni,VMFB,75.0,weighted_average,5
sub-33,DeCon,PropFB,78.05,weighted_average,5
sub-33,mni,PropFB,75.0,weighted_average,5
sub-34,DeCon,Prop,89.575,weighted_average,5
sub-34,mni,Prop,75.0,weighted_average,5
sub-35,DeCon,VMFB,81.475,weighted_average,5
sub-35,mni,VMFB,75.0,weighted_average,5
sub-36,DeCon,VM,83.325,weighted_average,5
sub-36,mni,VM,75.0,weighted_average,5
sub-37,DeCon,VMFB,92.4,weighted_average,5
sub-37,mni,VMFB,75.0,weighted_average,5
sub-38,DeCon,VM,92.4,weighted_average,5
sub-38,mni,VM,75.0,weighted_average,5
sub-39,DeCon,VMFB,87.5,weighted_average,5
sub-39,mni,VMFB,75.0,weighted_average,5
sub-40,DeCon,PropFB,88.1,weighted_average,5
sub-40,DeCon,PropFB,88.42500000000001,weighted_average,5
sub-40,mni,PropFB,75.0,weighted_average,5
sub-40,mni,PropFB,75.0,weighted_average,5
sub-42,DeCon,Prop,88.225,weighted_average,5
sub-42,mni,Prop,75.0,weighted_average,5
sub-43,DeCon,Prop,86.45,weighted_average,5
sub-43,mni,Prop,75.0,weighted_average,5
sub-44,DeCon,VMFB,93.425,weighted_average,5
sub-44,mni,VMFB,75.0,weighted_average,5
sub-49,DeCon,PropFB,91.65,weighted_average,5
sub-49,mni,PropFB,75.0,weighted_average,5
sub-52,DeCon,VM,85.425,weighted_average,5
sub-52,mni,VM,75.0,weighted_average,5
sub-54,DeCon,VM,90.8,weighted_average,5
sub-54,mni,VM,75.0,weighted_average,5
sub-58,DeCon,Prop,89.575,weighted_average,5
sub-58,mni,Prop,75.0,weighted_average,5
sub-60,DeCon,VMFB,96.425,weighted_average,5
sub-60,mni,VMFB,75.0,weighted_average,5
sub-65,DeCon,PropFB,87.975,weighted_average,5
sub-65,mni,PropFB,75.0,weighted_average,5
sub-69,DeCon,VM,89.275,weighted_average,5
sub-69,mni,VM,75.0,weighted_average,5
sub-71,DeCon,Prop,89.95,weighted_average,5
sub-71,mni,Prop,75.0,weighted_average,5
sub-73,DeCon,VM,83.0,weighted_average,5
sub-73,mni,VM,75.0,weighted_average,5
sub-74,DeCon,VM,89.65,weighted_average,5
sub-74,mni,VM,75.0,weighted_average,5
sub-75,DeCon,PropFB,90.0,weighted_average,5
sub-75,mni,PropFB,75.0,weighted_average,5
sub-76,DeCon,VMFB,87.125,weighted_average,5
sub-76,mni,VMFB,75.0,weighted_average,5
sub-77,DeCon,VM,91.25,weighted_average,5
sub-77,mni,VM,75.0,weighted_average,5
sub-01,DeCon,PropFB,90.9,weighted_average,10
sub-01,mni,PropFB,80.35,weighted_average,10
sub-10,DeCon,PropFB,82.0,weighted_average,10
sub-10,mni,PropFB,78.85,weighted_average,10
sub-11,DeCon,Prop,89.55000000000001,weighted_average,10
sub-11,mni,Prop,87.525,weighted_average,10
sub-12,DeCon,Prop,90.5,weighted_average,10
sub-12,mni,Prop,81.10000000000001,weighted_average,10
sub-13,DeCon,PropFB,84.67499999999998,weighted_average,10
sub-13,mni,PropFB,86.525,weighted_average,10
sub-14,DeCon,VM,90.375,weighted_average,10
sub-14,mni,VM,84.82499999999999,weighted_average,10
sub-15,DeCon,VMFB,91.675,weighted_average,10
sub-15,mni,VMFB,85.19999999999999,weighted_average,10
sub-16,DeCon,VM,89.94999999999999,weighted_average,10
sub-16,mni,VM,82.575,weighted_average,10
sub-17,DeCon,VMFB,88.5,weighted_average,10
sub-17,mni,VMFB,92.35,weighted_average,10
sub-18,DeCon,Prop,91.175,weighted_average,10
sub-18,mni,Prop,89.95,weighted_average,10
sub-19,DeCon,PropFB,89.65,weighted_average,10
sub-19,mni,PropFB,81.25,weighted_average,10
sub-27,DeCon,Prop,89.275,weighted_average,10
sub-27,mni,Prop,83.875,weighted_average,10
sub-28,DeCon,VMFB,88.825,weighted_average,10
sub-28,mni,VMFB,68.92500000000001,weighted_average,10
sub-29,DeCon,Prop,87.2,weighted_average,10
sub-29,DeCon,Prop,86.94999999999999,weighted_average,10
sub-29,mni,Prop,86.44999999999999,weighted_average,10
sub-29,mni,Prop,75.0,weighted_average,10
sub-30,DeCon,VMFB,88.14999999999999,weighted_average,10
sub-30,mni,VMFB,75.0,weighted_average,10
sub-31,DeCon,VM,91.1,weighted_average,10
sub-31,mni,VM,75.0,weighted_average,10
sub-32,DeCon,VMFB,90.0,weighted_average,10
sub-32,mni,VMFB,75.0,weighted_average,10
sub-33,DeCon,PropFB,83.925,weighted_average,10
sub-33,mni,PropFB,75.0,weighted_average,10
sub-34,DeCon,Prop,93.75,weighted_average,10
sub-34,mni,Prop,75.0,weighted_average,10
sub-35,DeCon,VMFB,82.4,weighted_average,10
sub-35,mni,VMFB,75.0,weighted_average,10
sub-36,DeCon,VM,81.97500000000001,weighted_average,10
sub-36,mni,VM,75.0,weighted_average,10
sub-37,DeCon,VMFB,93.475,weighted_average,10
sub-37,mni,VMFB,75.0,weighted_average,10
sub-38,DeCon,VM,92.4,weighted_average,10
sub-38,mni,VM,75.0,weighted_average,10
sub-39,DeCon,VMFB,88.07500000000002,weighted_average,10
sub-39,mni,VMFB,75.0,weighted_average,10
sub-40,DeCon,PropFB,88.1,weighted_average,10
sub-40,DeCon,PropFB,89.55000000000001,weighted_average,10
sub-40,mni,PropFB,75.0,weighted_average,10
sub-40,mni,PropFB,75.0,weighted_average,10
sub-42,DeCon,Prop,89.7,weighted_average,10
sub-42,mni,Prop,75.0,weighted_average,10
sub-43,DeCon,Prop,88.55,weighted_average,10
sub-43,mni,Prop,75.0,weighted_average,10
sub-44,DeCon,VMFB,93.425,weighted_average,10
sub-44,mni,VMFB,75.0,weighted_average,10
sub-49,DeCon,PropFB,92.325,weighted_average,10
sub-49,mni,PropFB,75.0,weighted_average,10
sub-52,DeCon,VM,86.45,weighted_average,10
sub-52,mni,VM,75.0,weighted_average,10
sub-54,DeCon,VM,92.1,weighted_average,10
sub-54,mni,VM,75.0,weighted_average,10
sub-58,DeCon,Prop,91.675,weighted_average,10
sub-58,mni,Prop,75.0,weighted_average,10
sub-60,DeCon,VMFB,96.425,weighted_average,10
sub-60,mni,VMFB,75.0,weighted_average,10
sub-65,DeCon,PropFB,87.975,weighted_average,10
sub-65,mni,PropFB,75.0,weighted_average,10
sub-69,DeCon,VM,92.85,weighted_average,10
sub-69,mni,VM,75.0,weighted_average,10
sub-71,DeCon,Prop,91.725,weighted_average,10
sub-71,mni,Prop,75.0,weighted_average,10
sub-73,DeCon,VM,85.0,weighted_average,10
sub-73,mni,VM,75.0,weighted_average,10
sub-74,DeCon,VM,89.65,weighted_average,10
sub-74,mni,VM,75.0,weighted_average,10
sub-75,DeCon,PropFB,93.325,weighted_average,10
sub-75,mni,PropFB,75.0,weighted_average,10
sub-76,DeCon,VMFB,89.4,weighted_average,10
sub-76,mni,VMFB,75.0,weighted_average,10
sub-77,DeCon,VM,92.5,weighted_average,10
sub-77,mni,VM,75.0,weighted_average,10
sub-01,DeCon,PropFB,92.225,weighted_average,20
sub-01,mni,PropFB,83.925,weighted_average,20
sub-10,DeCon,PropFB,82.0,weighted_average,20
sub-10,mni,PropFB,79.8,weighted_average,20
sub-11,DeCon,Prop,91.625,weighted_average,20
sub-11,mni,Prop,87.525,weighted_average,20
sub-12,DeCon,Prop,91.325,weighted_average,20
sub-12,mni,Prop,81.10000000000001,weighted_average,20
sub-13,DeCon,PropFB,85.6,weighted_average,20
sub-13,mni,PropFB,92.775,weighted_average,20
sub-14,DeCon,VM,92.3,weighted_average,20
sub-14,mni,VM,84.87499999999999,weighted_average,20
sub-15,DeCon,VMFB,92.175,weighted_average,20
sub-15,mni,VMFB,87.275,weighted_average,20
sub-16,DeCon,VM,92.54999999999998,weighted_average,20
sub-16,mni,VM,87.25,weighted_average,20
sub-17,DeCon,VMFB,90.775,weighted_average,20
sub-17,mni,VMFB,95.125,weighted_average,20
sub-18,DeCon,Prop,92.825,weighted_average,20
sub-18,mni,Prop,90.05,weighted_average,20
sub-19,DeCon,PropFB,89.65,weighted_average,20
sub-19,mni,PropFB,87.5,weighted_average,20
sub-27,DeCon,Prop,91.075,weighted_average,20
sub-27,mni,Prop,85.25,weighted_average,20
sub-28,DeCon,VMFB,88.425,weighted_average,20
sub-28,mni,VMFB,77.25000000000001,weighted_average,20
sub-29,DeCon,Prop,90.325,weighted_average,20
sub-29,DeCon,Prop,90.175,weighted_average,20
sub-29,mni,Prop,86.44999999999999,weighted_average,20
sub-29,mni,Prop,75.0,weighted_average,20
sub-30,DeCon,VMFB,90.825,weighted_average,20
sub-30,mni,VMFB,75.0,weighted_average,20
sub-31,DeCon,VM,89.75,weighted_average,20
sub-31,mni,VM,75.0,weighted_average,20
sub-32,DeCon,VMFB,90.0,weighted_average,20
sub-32,mni,VMFB,75.0,weighted_average,20
sub-33,DeCon,PropFB,88.35,weighted_average,20
sub-33,mni,PropFB,75.0,weighted_average,20
sub-34,DeCon,Prop,95.825,weighted_average,20
sub-34,mni,Prop,75.0,weighted_average,20
sub-35,DeCon,VMFB,80.67500000000001,weighted_average,20
sub-35,mni,VMFB,75.0,weighted_average,20
sub-36,DeCon,VM,81.97500000000001,weighted_average,20
sub-36,mni,VM,75.0,weighted_average,20
sub-37,DeCon,VMFB,94.575,weighted_average,20
sub-37,mni,VMFB,75.0,weighted_average,20
sub-38,DeCon,VM,95.25,weighted_average,20
sub-38,mni,VM,75.0,weighted_average,20
sub-39,DeCon,VMFB,88.07500000000002,weighted_average,20
sub-39,mni,VMFB,75.0,weighted_average,20
sub-40,DeCon,PropFB,90.475,weighted_average,20
sub-40,DeCon,PropFB,92.54999999999998,weighted_average,20
sub-40,mni,PropFB,75.0,weighted_average,20
sub-40,mni,PropFB,75.0,weighted_average,20
sub-42,DeCon,Prop,88.87500000000001,weighted_average,20
sub-42,mni,Prop,75.0,weighted_average,20
sub-43,DeCon,Prop,91.675,weighted_average,20
sub-43,mni,Prop,75.0,weighted_average,20
sub-44,DeCon,VMFB,93.525,weighted_average,20
sub-44,mni,VMFB,75.0,weighted_average,20
sub-49,DeCon,PropFB,93.4,weighted_average,20
sub-49,mni,PropFB,75.0,weighted_average,20
sub-52,DeCon,VM,91.675,weighted_average,20
sub-52,mni,VM,75.0,weighted_average,20
sub-54,DeCon,VM,92.775,weighted_average,20
sub-54,mni,VM,75.0,weighted_average,20
sub-58,DeCon,Prop,92.7,weighted_average,20
sub-58,mni,Prop,75.0,weighted_average,20
sub-60,DeCon,VMFB,92.45,weighted_average,20
sub-60,mni,VMFB,75.0,weighted_average,20
sub-65,DeCon,PropFB,89.825,weighted_average,20
sub-65,mni,PropFB,75.0,weighted_average,20
sub-69,DeCon,VM,93.975,weighted_average,20
sub-69,mni,VM,75.0,weighted_average,20
sub-71,DeCon,Prop,91.725,weighted_average,20
sub-71,mni,Prop,75.0,weighted_average,20
sub-73,DeCon,VM,89.0,weighted_average,20
sub-73,mni,VM,75.0,weighted_average,20
sub-74,DeCon,VM,91.375,weighted_average,20
sub-74,mni,VM,75.0,weighted_average,20
sub-75,DeCon,PropFB,95.0,weighted_average,20
sub-75,mni,PropFB,75.0,weighted_average,20
sub-76,DeCon,VMFB,92.45,weighted_average,20
sub-76,mni,VMFB,75.0,weighted_average,20
sub-77,DeCon,VM,95.0,weighted_average,20
sub-77,mni,VM,75.0,weighted_average,20
sub-01,DeCon,PropFB,91.2,weighted_average,30
sub-01,mni,PropFB,91.075,weighted_average,30
sub-10,DeCon,PropFB,82.0,weighted_average,30
sub-10,mni,PropFB,80.375,weighted_average,30
sub-11,DeCon,Prop,93.725,weighted_average,30
sub-11,mni,Prop,88.675,weighted_average,30
sub-12,DeCon,Prop,92.3,weighted_average,30
sub-12,mni,Prop,79.0,weighted_average,30
sub-13,DeCon,PropFB,85.6,weighted_average,30
sub-13,mni,PropFB,91.8,weighted_average,30
sub-14,DeCon,VM,90.57500000000002,weighted_average,30
sub-14,mni,VM,84.05000000000001,weighted_average,30
sub-15,DeCon,VMFB,91.75,weighted_average,30
sub-15,mni,VMFB,84.42500000000001,weighted_average,30
sub-16,DeCon,VM,92.05,weighted_average,30
sub-16,mni,VM,91.925,weighted_average,30
sub-17,DeCon,VMFB,89.49999999999999,weighted_average,30
sub-17,mni,VMFB,95.125,weighted_average,30
sub-18,DeCon,Prop,92.175,weighted_average,30
sub-18,mni,Prop,84.575,weighted_average,30
sub-19,DeCon,PropFB,90.65,weighted_average,30
sub-19,mni,PropFB,91.675,weighted_average,30
sub-27,DeCon,Prop,92.25,weighted_average,30
sub-27,mni,Prop,89.125,weighted_average,30
sub-28,DeCon,VMFB,89.175,weighted_average,30
sub-28,mni,VMFB,92.875,weighted_average,30
sub-29,DeCon,Prop,95.525,weighted_average,30
sub-29,DeCon,Prop,90.175,weighted_average,30
sub-29,mni,Prop,91.775,weighted_average,30
sub-29,mni,Prop,75.0,weighted_average,30
sub-30,DeCon,VMFB,90.225,weighted_average,30
sub-30,mni,VMFB,75.0,weighted_average,30
sub-31,DeCon,VM,91.1,weighted_average,30
sub-31,mni,VM,75.0,weighted_average,30
sub-32,DeCon,VMFB,87.44999999999999,weighted_average,30
sub-32,mni,VMFB,75.0,weighted_average,30
sub-33,DeCon,PropFB,88.35,weighted_average,30
sub-33,mni,PropFB,75.0,weighted_average,30
sub-34,DeCon,Prop,94.7,weighted_average,30
sub-34,mni,Prop,75.0,weighted_average,30
sub-35,DeCon,VMFB,79.0,weighted_average,30
sub-35,mni,VMFB,75.0,weighted_average,30
sub-36,DeCon,VM,80.62500000000001,weighted_average,30
sub-36,mni,VM,75.0,weighted_average,30
sub-37,DeCon,VMFB,94.225,weighted_average,30
sub-37,mni,VMFB,75.0,weighted_average,30
sub-38,DeCon,VM,95.25,weighted_average,30
sub-38,mni,VM,75.0,weighted_average,30
sub-39,DeCon,VMFB,86.95000000000002,weighted_average,30
sub-39,mni,VMFB,75.0,weighted_average,30
sub-40,DeCon,PropFB,92.85,weighted_average,30
sub-40,DeCon,PropFB,92.54999999999998,weighted_average,30
sub-40,mni,PropFB,75.0,weighted_average,30
sub-40,mni,PropFB,75.0,weighted_average,30
sub-42,DeCon,Prop,88.87500000000001,weighted_average,30
sub-42,mni,Prop,75.0,weighted_average,30
sub-43,DeCon,Prop,93.75,weighted_average,30
sub-43,mni,Prop,75.0,weighted_average,30
sub-44,DeCon,VMFB,96.275,weighted_average,30
sub-44,mni,VMFB,75.0,weighted_average,30
sub-49,DeCon,PropFB,93.4,weighted_average,30
sub-49,mni,PropFB,75.0,weighted_average,30
sub-52,DeCon,VM,96.575,weighted_average,30
sub-52,mni,VM,75.0,weighted_average,30
sub-54,DeCon,VM,91.25,weighted_average,30
sub-54,mni,VM,75.0,weighted_average,30
sub-58,DeCon,Prop,95.825,weighted_average,30
sub-58,mni,Prop,75.0,weighted_average,30
sub-60,DeCon,VMFB,92.45,weighted_average,30
sub-60,mni,VMFB,75.0,weighted_average,30
sub-65,DeCon,PropFB,89.825,weighted_average,30
sub-65,mni,PropFB,75.0,weighted_average,30
sub-69,DeCon,VM,93.975,weighted_average,30
sub-69,mni,VM,75.0,weighted_average,30
sub-71,DeCon,Prop,91.725,weighted_average,30
sub-71,mni,Prop,75.0,weighted_average,30
sub-73,DeCon,VM,88.57499999999999,weighted_average,30
sub-73,mni,VM,75.0,weighted_average,30
sub-74,DeCon,VM,90.025,weighted_average,30
sub-74,mni,VM,75.0,weighted_average,30
sub-75,DeCon,PropFB,98.325,weighted_average,30
sub-75,mni,PropFB,75.0,weighted_average,30
sub-76,DeCon,VMFB,90.875,weighted_average,30
sub-76,mni,VMFB,75.0,weighted_average,30
sub-77,DeCon,VM,96.225,weighted_average,30
sub-77,mni,VM,75.0,weighted_average,30
sub-01,DeCon,PropFB,88.99999999999999,weighted_average,40
sub-01,mni,PropFB,92.85,weighted_average,40
sub-10,DeCon,PropFB,80.17500000000001,weighted_average,40
sub-10,mni,PropFB,83.275,weighted_average,40
sub-11,DeCon,Prop,93.725,weighted_average,40
sub-11,mni,Prop,88.7,weighted_average,40
sub-12,DeCon,Prop,91.625,weighted_average,40
sub-12,mni,Prop,74.69999999999999,weighted_average,40
sub-13,DeCon,PropFB,85.6,weighted_average,40
sub-13,mni,PropFB,89.775,weighted_average,40
sub-14,DeCon,VM,90.57500000000002,weighted_average,40
sub-14,mni,VM,84.05000000000001,weighted_average,40
sub-15,DeCon,VMFB,91.75,weighted_average,40
sub-15,mni,VMFB,82.475,weighted_average,40
sub-16,DeCon,VM,91.0,weighted_average,40
sub-16,mni,VM,91.25,weighted_average,40
sub-17,DeCon,VMFB,87.95,weighted_average,40
sub-17,mni,VMFB,97.9,weighted_average,40
sub-18,DeCon,Prop,90.675,weighted_average,40
sub-18,mni,Prop,83.52499999999999,weighted_average,40
sub-19,DeCon,PropFB,93.65,weighted_average,40
sub-19,mni,PropFB,90.625,weighted_average,40
sub-27,DeCon,Prop,89.17500000000001,weighted_average,40
sub-27,mni,Prop,85.75,weighted_average,40
sub-28,DeCon,VMFB,90.2,weighted_average,40
sub-28,mni,VMFB,90.85,weighted_average,40
sub-29,DeCon,Prop,95.525,weighted_average,40
sub-29,DeCon,Prop,87.625,weighted_average,40
sub-29,mni,Prop,91.775,weighted_average,40
sub-29,mni,Prop,75.0,weighted_average,40
sub-30,DeCon,VMFB,85.25,weighted_average,40
sub-30,mni,VMFB,75.0,weighted_average,40
sub-31,DeCon,VM,87.75,weighted_average,40
sub-31,mni,VM,75.0,weighted_average,40
sub-32,DeCon,VMFB,88.67500000000001,weighted_average,40
sub-32,mni,VMFB,75.0,weighted_average,40
sub-33,DeCon,PropFB,91.275,weighted_average,40
sub-33,mni,PropFB,75.0,weighted_average,40
sub-34,DeCon,Prop,93.575,weighted_average,40
sub-34,mni,Prop,75.0,weighted_average,40
sub-35,DeCon,VMFB,79.925,weighted_average,40
sub-35,mni,VMFB,75.0,weighted_average,40
sub-36,DeCon,VM,80.32499999999999,weighted_average,40
sub-36,mni,VM,75.0,weighted_average,40
sub-37,DeCon,VMFB,93.9,weighted_average,40
sub-37,mni,VMFB,75.0,weighted_average,40
sub-38,DeCon,VM,93.825,weighted_average,40
sub-38,mni,VM,75.0,weighted_average,40
sub-39,DeCon,VMFB,88.75000000000001,weighted_average,40
sub-39,mni,VMFB,75.0,weighted_average,40
sub-40,DeCon,PropFB,92.85,weighted_average,40
sub-40,DeCon,PropFB,92.4,weighted_average,40
sub-40,mni,PropFB,75.0,weighted_average,40
sub-40,mni,PropFB,75.0,weighted_average,40
sub-42,DeCon,Prop,87.3,weighted_average,40
sub-42,mni,Prop,75.0,weighted_average,40
sub-43,DeCon,Prop,93.75,weighted_average,40
sub-43,mni,Prop,75.0,weighted_average,40
sub-44,DeCon,VMFB,96.4,weighted_average,40
sub-44,mni,VMFB,75.0,weighted_average,40
sub-49,DeCon,PropFB,90.475,weighted_average,40
sub-49,mni,PropFB,75.0,weighted_average,40
sub-52,DeCon,VM,96.575,weighted_average,40
sub-52,mni,VM,75.0,weighted_average,40
sub-54,DeCon,VM,90.975,weighted_average,40
sub-54,mni,VM,75.0,weighted_average,40
sub-58,DeCon,Prop,94.25,weighted_average,40
sub-58,mni,Prop,75.0,weighted_average,40
sub-60,DeCon,VMFB,88.55,weighted_average,40
sub-60,mni,VMFB,75.0,weighted_average,40
sub-65,DeCon,PropFB,89.4,weighted_average,40
sub-65,mni,PropFB,75.0,weighted_average,40
sub-69,DeCon,VM,93.975,weighted_average,40
sub-69,mni,VM,75.0,weighted_average,40
sub-71,DeCon,Prop,90.525,weighted_average,40
sub-71,mni,Prop,75.0,weighted_average,40
sub-73,DeCon,VM,86.725,weighted_average,40
sub-73,mni,VM,75.0,weighted_average,40
sub-74,DeCon,VM,89.92499999999998,weighted_average,40
sub-74,mni,VM,75.0,weighted_average,40
sub-75,DeCon,PropFB,100.0,weighted_average,40
sub-75,mni,PropFB,75.0,weighted_average,40
sub-76,DeCon,VMFB,91.625,weighted_average,40
sub-76,mni,VMFB,75.0,weighted_average,40
sub-77,DeCon,VM,96.225,weighted_average,40
sub-77,mni,VM,75.0,weighted_average,40
sub-01,DeCon,PropFB,79.82499999999999,weighted_average,50
sub-01,mni,PropFB,96.425,weighted_average,50
sub-10,DeCon,PropFB,78.35,weighted_average,50
sub-10,mni,PropFB,83.275,weighted_average,50
sub-11,DeCon,Prop,91.975,weighted_average,50
sub-11,mni,Prop,87.64999999999999,weighted_average,50
sub-12,DeCon,Prop,88.15,weighted_average,50
sub-12,mni,Prop,73.65,weighted_average,50
sub-13,DeCon,PropFB,85.125,weighted_average,50
sub-13,mni,PropFB,89.775,weighted_average,50
sub-14,DeCon,VM,89.15,weighted_average,50
sub-14,mni,VM,82.17500000000001,weighted_average,50
sub-15,DeCon,VMFB,91.75,weighted_average,50
sub-15,mni,VMFB,82.475,weighted_average,50
sub-16,DeCon,VM,88.525,weighted_average,50
sub-16,mni,VM,87.94999999999999,weighted_average,50
sub-17,DeCon,VMFB,81.375,weighted_average,50
sub-17,mni,VMFB,95.8,weighted_average,50
sub-18,DeCon,Prop,91.5,weighted_average,50
sub-18,mni,Prop,83.52499999999999,weighted_average,50
sub-19,DeCon,PropFB,93.3,weighted_average,50
sub-19,mni,PropFB,87.325,weighted_average,50
sub-27,DeCon,Prop,90.07500000000002,weighted_average,50
sub-27,mni,Prop,88.25,weighted_average,50
sub-28,DeCon,VMFB,88.77499999999999,weighted_average,50
sub-28,mni,VMFB,90.85,weighted_average,50
sub-29,DeCon,Prop,94.175,weighted_average,50
sub-29,DeCon,Prop,89.375,weighted_average,50
sub-29,mni,Prop,90.65,weighted_average,50
sub-29,mni,Prop,75.0,weighted_average,50
sub-30,DeCon,VMFB,85.25,weighted_average,50
sub-30,mni,VMFB,75.0,weighted_average,50
sub-31,DeCon,VM,86.325,weighted_average,50
sub-31,mni,VM,75.0,weighted_average,50
sub-32,DeCon,VMFB,88.65,weighted_average,50
sub-32,mni,VMFB,75.0,weighted_average,50
sub-33,DeCon,PropFB,81.2,weighted_average,50
sub-33,mni,PropFB,75.0,weighted_average,50
sub-34,DeCon,Prop,91.325,weighted_average,50
sub-34,mni,Prop,75.0,weighted_average,50
sub-35,DeCon,VMFB,81.0,weighted_average,50
sub-35,mni,VMFB,75.0,weighted_average,50
sub-36,DeCon,VM,80.32499999999999,weighted_average,50
sub-36,mni,VM,75.0,weighted_average,50
sub-37,DeCon,VMFB,93.55,weighted_average,50
sub-37,mni,VMFB,75.0,weighted_average,50
sub-38,DeCon,VM,92.325,weighted_average,50
sub-38,mni,VM,75.0,weighted_average,50
sub-39,DeCon,VMFB,89.32499999999999,weighted_average,50
sub-39,mni,VMFB,75.0,weighted_average,50
sub-40,DeCon,PropFB,91.5,weighted_average,50
sub-40,DeCon,PropFB,89.69999999999999,weighted_average,50
sub-40,mni,PropFB,75.0,weighted_average,50
sub-40,mni,PropFB,75.0,weighted_average,50
sub-42,DeCon,Prop,87.3,weighted_average,50
sub-42,mni,Prop,75.0,weighted_average,50
sub-43,DeCon,Prop,93.375,weighted_average,50
sub-43,mni,Prop,75.0,weighted_average,50
sub-44,DeCon,VMFB,95.125,weighted_average,50
sub-44,mni,VMFB,75.0,weighted_average,50
sub-49,DeCon,PropFB,91.15,weighted_average,50
sub-49,mni,PropFB,75.0,weighted_average,50
sub-52,DeCon,VM,95.225,weighted_average,50
sub-52,mni,VM,75.0,weighted_average,50
sub-54,DeCon,VM,91.625,weighted_average,50
sub-54,mni,VM,75.0,weighted_average,50
sub-58,DeCon,Prop,94.25,weighted_average,50
sub-58,mni,Prop,75.0,weighted_average,50
sub-60,DeCon,VMFB,86.375,weighted_average,50
sub-60,mni,VMFB,75.0,weighted_average,50
sub-65,DeCon,PropFB,89.9,weighted_average,50
sub-65,mni,PropFB,75.0,weighted_average,50
sub-69,DeCon,VM,91.425,weighted_average,50
sub-69,mni,VM,75.0,weighted_average,50
sub-71,DeCon,Prop,91.20000000000002,weighted_average,50
sub-71,mni,Prop,75.0,weighted_average,50
sub-73,DeCon,VM,86.725,weighted_average,50
sub-73,mni,VM,75.0,weighted_average,50
sub-74,DeCon,VM,92.5,weighted_average,50
sub-74,mni,VM,75.0,weighted_average,50
sub-75,DeCon,PropFB,98.725,weighted_average,50
sub-75,mni,PropFB,75.0,weighted_average,50
sub-76,DeCon,VMFB,95.4,weighted_average,50
sub-76,mni,VMFB,75.0,weighted_average,50
sub-77,DeCon,VM,96.225,weighted_average,50
sub-77,mni,VM,75.0,weighted_average,50
sub-01,DeCon,PropFB,89.475,weighted_average,1
sub-01,mni,PropFB,75.0,weighted_average,1
sub-10,DeCon,PropFB,78.5,weighted_average,1
sub-10,mni,PropFB,76.925,weighted_average,1
sub-11,DeCon,Prop,86.07499999999999,weighted_average,1
sub-11,mni,Prop,81.85,weighted_average,1
sub-12,DeCon,Prop,87.1,weighted_average,1
sub-12,mni,Prop,80.19999999999999,weighted_average,1
sub-13,DeCon,PropFB,81.89999999999999,weighted_average,1
sub-13,mni,PropFB,75.0,weighted_average,1
sub-14,DeCon,VM,81.725,weighted_average,1
sub-14,mni,VM,78.04999999999998,weighted_average,1
sub-15,DeCon,VMFB,86.1,weighted_average,1
sub-15,mni,VMFB,87.15,weighted_average,1
sub-16,DeCon,VM,83.04999999999998,weighted_average,1
sub-16,mni,VM,77.45,weighted_average,1
sub-17,DeCon,VMFB,85.225,weighted_average,1
sub-17,mni,VMFB,82.27499999999999,weighted_average,1
sub-18,DeCon,Prop,87.675,weighted_average,1
sub-18,mni,Prop,83.04999999999998,weighted_average,1
sub-19,DeCon,PropFB,85.0,weighted_average,1
sub-19,mni,PropFB,77.075,weighted_average,1
sub-27,DeCon,Prop,86.6,weighted_average,1
sub-27,mni,Prop,77.5,weighted_average,1
sub-28,DeCon,VMFB,85.425,weighted_average,1
sub-28,mni,VMFB,71.92500000000001,weighted_average,1
sub-29,DeCon,Prop,85.425,weighted_average,1
sub-29,DeCon,Prop,85.3,weighted_average,1
sub-29,mni,Prop,82.5,weighted_average,1
sub-29,mni,Prop,75.0,weighted_average,1
sub-30,DeCon,VMFB,84.825,weighted_average,1
sub-30,mni,VMFB,75.0,weighted_average,1
sub-31,DeCon,VM,85.125,weighted_average,1
sub-31,mni,VM,75.0,weighted_average,1
sub-32,DeCon,VMFB,83.75,weighted_average,1
sub-32,mni,VMFB,75.0,weighted_average,1
sub-33,DeCon,PropFB,77.95,weighted_average,1
sub-33,mni,PropFB,75.0,weighted_average,1
sub-34,DeCon,Prop,85.425,weighted_average,1
sub-34,mni,Prop,75.0,weighted_average,1
sub-35,DeCon,VMFB,78.7,weighted_average,1
sub-35,mni,VMFB,75.0,weighted_average,1
sub-36,DeCon,VM,80.2,weighted_average,1
sub-36,mni,VM,75.0,weighted_average,1
sub-37,DeCon,VMFB,90.225,weighted_average,1
sub-37,mni,VMFB,75.0,weighted_average,1
sub-38,DeCon,VM,88.05,weighted_average,1
sub-38,mni,VM,75.0,weighted_average,1
sub-39,DeCon,VMFB,85.725,weighted_average,1
sub-39,mni,VMFB,75.0,weighted_average,1
sub-40,DeCon,PropFB,82.15,weighted_average,1
sub-40,DeCon,PropFB,86.15,weighted_average,1
sub-40,mni,PropFB,75.0,weighted_average,1
sub-40,mni,PropFB,75.0,weighted_average,1
sub-42,DeCon,Prop,84.55,weighted_average,1
sub-42,mni,Prop,75.0,weighted_average,1
sub-43,DeCon,Prop,81.25,weighted_average,1
sub-43,mni,Prop,75.0,weighted_average,1
sub-44,DeCon,VMFB,85.525,weighted_average,1
sub-44,mni,VMFB,75.0,weighted_average,1
sub-49,DeCon,PropFB,89.125,weighted_average,1
sub-49,mni,PropFB,75.0,weighted_average,1
sub-52,DeCon,VM,83.325,weighted_average,1
sub-52,mni,VM,75.0,weighted_average,1
sub-54,DeCon,VM,85.525,weighted_average,1
sub-54,mni,VM,75.0,weighted_average,1
sub-58,DeCon,Prop,86.45,weighted_average,1
sub-58,mni,Prop,75.0,weighted_average,1
sub-60,DeCon,VMFB,82.15,weighted_average,1
sub-60,mni,VMFB,75.0,weighted_average,1
sub-65,DeCon,PropFB,87.025,weighted_average,1
sub-65,mni,PropFB,75.0,weighted_average,1
sub-69,DeCon,VM,88.1,weighted_average,1
sub-69,mni,VM,75.0,weighted_average,1
sub-71,DeCon,Prop,85.725,weighted_average,1
sub-71,mni,Prop,75.0,weighted_average,1
sub-73,DeCon,VM,83.0,weighted_average,1
sub-73,mni,VM,75.0,weighted_average,1
sub-74,DeCon,VM,87.075,weighted_average,1
sub-74,mni,VM,75.0,weighted_average,1
sub-75,DeCon,PropFB,86.675,weighted_average,1
sub-75,mni,PropFB,75.0,weighted_average,1
sub-76,DeCon,VMFB,84.85,weighted_average,1
sub-76,mni,VMFB,75.0,weighted_average,1
sub-77,DeCon,VM,88.75,weighted_average,1
sub-77,mni,VM,75.0,weighted_average,1
sub-01,DeCon,PropFB,90.8,weighted_average,2
sub-01,mni,PropFB,76.775,weighted_average,2
sub-10,DeCon,PropFB,79.5,weighted_average,2
sub-10,mni,PropFB,77.875,weighted_average,2
sub-11,DeCon,Prop,88.14999999999999,weighted_average,2
sub-11,mni,Prop,81.85,weighted_average,2
sub-12,DeCon,Prop,88.7,weighted_average,2
sub-12,mni,Prop,81.22500000000001,weighted_average,2
sub-13,DeCon,PropFB,83.74999999999999,weighted_average,2
sub-13,mni,PropFB,81.25,weighted_average,2
sub-14,DeCon,VM,85.575,weighted_average,2
sub-14,mni,VM,81.89999999999999,weighted_average,2
sub-15,DeCon,VMFB,87.025,weighted_average,2
sub-15,mni,VMFB,87.15,weighted_average,2
sub-16,DeCon,VM,84.77499999999999,weighted_average,2
sub-16,mni,VM,77.45,weighted_average,2
sub-17,DeCon,VMFB,85.1,weighted_average,2
sub-17,mni,VMFB,85.04999999999998,weighted_average,2
sub-18,DeCon,Prop,89.5,weighted_average,2
sub-18,mni,Prop,81.92499999999998,weighted_average,2
sub-19,DeCon,PropFB,87.0,weighted_average,2
sub-19,mni,PropFB,79.175,weighted_average,2
sub-27,DeCon,Prop,86.6,weighted_average,2
sub-27,mni,Prop,77.5,weighted_average,2
sub-28,DeCon,VMFB,83.99999999999999,weighted_average,2
sub-28,mni,VMFB,71.92500000000001,weighted_average,2
sub-29,DeCon,Prop,85.425,weighted_average,2
sub-29,DeCon,Prop,85.3,weighted_average,2
sub-29,mni,Prop,82.5,weighted_average,2
sub-29,mni,Prop,75.0,weighted_average,2
sub-30,DeCon,VMFB,84.825,weighted_average,2
sub-30,mni,VMFB,75.0,weighted_average,2
sub-31,DeCon,VM,88.32499999999999,weighted_average,2
sub-31,mni,VM,75.0,weighted_average,2
sub-32,DeCon,VMFB,85.0,weighted_average,2
sub-32,mni,VMFB,75.0,weighted_average,2
sub-33,DeCon,PropFB,76.57499999999999,weighted_average,2
sub-33,mni,PropFB,75.0,weighted_average,2
sub-34,DeCon,Prop,87.5,weighted_average,2
sub-34,mni,Prop,75.0,weighted_average,2
sub-35,DeCon,VMFB,79.625,weighted_average,2
sub-35,mni,VMFB,75.0,weighted_average,2
sub-36,DeCon,VM,80.2,weighted_average,2
sub-36,mni,VM,75.0,weighted_average,2
sub-37,DeCon,VMFB,91.3,weighted_average,2
sub-37,mni,VMFB,75.0,weighted_average,2
sub-38,DeCon,VM,88.05,weighted_average,2
sub-38,mni,VM,75.0,weighted_average,2
sub-39,DeCon,VMFB,87.5,weighted_average,2
sub-39,mni,VMFB,75.0,weighted_average,2
sub-40,DeCon,PropFB,85.725,weighted_average,2
sub-40,DeCon,PropFB,86.15,weighted_average,2
sub-40,mni,PropFB,75.0,weighted_average,2
sub-40,mni,PropFB,75.0,weighted_average,2
sub-42,DeCon,Prop,86.775,weighted_average,2
sub-42,mni,Prop,75.0,weighted_average,2
sub-43,DeCon,Prop,84.375,weighted_average,2
sub-43,mni,Prop,75.0,weighted_average,2
sub-44,DeCon,VMFB,88.15,weighted_average,2
sub-44,mni,VMFB,75.0,weighted_average,2
sub-49,DeCon,PropFB,90.9,weighted_average,2
sub-49,mni,PropFB,75.0,weighted_average,2
sub-52,DeCon,VM,84.375,weighted_average,2
sub-52,mni,VM,75.0,weighted_average,2
sub-54,DeCon,VM,88.825,weighted_average,2
sub-54,mni,VM,75.0,weighted_average,2
sub-58,DeCon,Prop,88.55,weighted_average,2
sub-58,mni,Prop,75.0,weighted_average,2
sub-60,DeCon,VMFB,89.275,weighted_average,2
sub-60,mni,VMFB,75.0,weighted_average,2
sub-65,DeCon,PropFB,87.975,weighted_average,2
sub-65,mni,PropFB,75.0,weighted_average,2
sub-69,DeCon,VM,89.275,weighted_average,2
sub-69,mni,VM,75.0,weighted_average,2
sub-71,DeCon,Prop,89.95,weighted_average,2
sub-71,mni,Prop,75.0,weighted_average,2
sub-73,DeCon,VM,83.0,weighted_average,2
sub-73,mni,VM,75.0,weighted_average,2
sub-74,DeCon,VM,88.8,weighted_average,2
sub-74,mni,VM,75.0,weighted_average,2
sub-75,DeCon,PropFB,88.325,weighted_average,2
sub-75,mni,PropFB,75.0,weighted_average,2
sub-76,DeCon,VMFB,85.6,weighted_average,2
sub-76,mni,VMFB,75.0,weighted_average,2
sub-77,DeCon,VM,91.25,weighted_average,2
sub-77,mni,VM,75.0,weighted_average,2
sub-01,DeCon,PropFB,89.60000000000001,weighted_average,5
sub-01,mni,PropFB,78.575,weighted_average,5
sub-10,DeCon,PropFB,82.0,weighted_average,5
sub-10,mni,PropFB,77.875,weighted_average,5
sub-11,DeCon,Prop,88.89999999999999,weighted_average,5
sub-11,mni,Prop,84.125,weighted_average,5
sub-12,DeCon,Prop,89.69999999999999,weighted_average,5
sub-12,mni,Prop,81.125,weighted_average,5
sub-13,DeCon,PropFB,83.74999999999999,weighted_average,5
sub-13,mni,PropFB,80.275,weighted_average,5
sub-14,DeCon,VM,88.45,weighted_average,5
sub-14,mni,VM,83.8,weighted_average,5
sub-15,DeCon,VMFB,87.975,weighted_average,5
sub-15,mni,VMFB,87.15,weighted_average,5
sub-16,DeCon,VM,88.225,weighted_average,5
sub-16,mni,VM,80.55,weighted_average,5
sub-17,DeCon,VMFB,88.5,weighted_average,5
sub-17,mni,VMFB,87.85,weighted_average,5
sub-18,DeCon,Prop,91.175,weighted_average,5
sub-18,mni,Prop,85.4,weighted_average,5
sub-19,DeCon,PropFB,90.0,weighted_average,5
sub-19,mni,PropFB,81.25,weighted_average,5
sub-27,DeCon,Prop,87.5,weighted_average,5
sub-27,mni,Prop,85.0,weighted_average,5
sub-28,DeCon,VMFB,86.07499999999999,weighted_average,5
sub-28,mni,VMFB,69.9,weighted_average,5
sub-29,DeCon,Prop,86.45,weighted_average,5
sub-29,DeCon,Prop,86.775,weighted_average,5
sub-29,mni,Prop,86.44999999999999,weighted_average,5
sub-29,mni,Prop,75.0,weighted_average,5
sub-30,DeCon,VMFB,85.475,weighted_average,5
sub-30,mni,VMFB,75.0,weighted_average,5
sub-31,DeCon,VM,91.1,weighted_average,5
sub-31,mni,VM,75.0,weighted_average,5
sub-32,DeCon,VMFB,88.75,weighted_average,5
sub-32,mni,VMFB,75.0,weighted_average,5
sub-33,DeCon,PropFB,78.05,weighted_average,5
sub-33,mni,PropFB,75.0,weighted_average,5
sub-34,DeCon,Prop,89.575,weighted_average,5
sub-34,mni,Prop,75.0,weighted_average,5
sub-35,DeCon,VMFB,81.475,weighted_average,5
sub-35,mni,VMFB,75.0,weighted_average,5
sub-36,DeCon,VM,83.325,weighted_average,5
sub-36,mni,VM,75.0,weighted_average,5
sub-37,DeCon,VMFB,92.4,weighted_average,5
sub-37,mni,VMFB,75.0,weighted_average,5
sub-38,DeCon,VM,92.4,weighted_average,5
sub-38,mni,VM,75.0,weighted_average,5
sub-39,DeCon,VMFB,87.5,weighted_average,5
sub-39,mni,VMFB,75.0,weighted_average,5
sub-40,DeCon,PropFB,88.1,weighted_average,5
sub-40,DeCon,PropFB,88.42500000000001,weighted_average,5
sub-40,mni,PropFB,75.0,weighted_average,5
sub-40,mni,PropFB,75.0,weighted_average,5
sub-42,DeCon,Prop,88.225,weighted_average,5
sub-42,mni,Prop,75.0,weighted_average,5
sub-43,DeCon,Prop,86.45,weighted_average,5
sub-43,mni,Prop,75.0,weighted_average,5
sub-44,DeCon,VMFB,93.425,weighted_average,5
sub-44,mni,VMFB,75.0,weighted_average,5
sub-49,DeCon,PropFB,91.65,weighted_average,5
sub-49,mni,PropFB,75.0,weighted_average,5
sub-52,DeCon,VM,85.425,weighted_average,5
sub-52,mni,VM,75.0,weighted_average,5
sub-54,DeCon,VM,90.8,weighted_average,5
sub-54,mni,VM,75.0,weighted_average,5
sub-58,DeCon,Prop,89.575,weighted_average,5
sub-58,mni,Prop,75.0,weighted_average,5
sub-60,DeCon,VMFB,96.425,weighted_average,5
sub-60,mni,VMFB,75.0,weighted_average,5
sub-65,DeCon,PropFB,87.975,weighted_average,5
sub-65,mni,PropFB,75.0,weighted_average,5
sub-69,DeCon,VM,89.275,weighted_average,5
sub-69,mni,VM,75.0,weighted_average,5
sub-71,DeCon,Prop,89.95,weighted_average,5
sub-71,mni,Prop,75.0,weighted_average,5
sub-73,DeCon,VM,83.0,weighted_average,5
sub-73,mni,VM,75.0,weighted_average,5
sub-74,DeCon,VM,89.65,weighted_average,5
sub-74,mni,VM,75.0,weighted_average,5
sub-75,DeCon,PropFB,90.0,weighted_average,5
sub-75,mni,PropFB,75.0,weighted_average,5
sub-76,DeCon,VMFB,87.125,weighted_average,5
sub-76,mni,VMFB,75.0,weighted_average,5
sub-77,DeCon,VM,91.25,weighted_average,5
sub-77,mni,VM,75.0,weighted_average,5
sub-01,DeCon,PropFB,90.9,weighted_average,10
sub-01,mni,PropFB,80.35,weighted_average,10
sub-10,DeCon,PropFB,82.0,weighted_average,10
sub-10,mni,PropFB,78.85,weighted_average,10
sub-11,DeCon,Prop,89.55000000000001,weighted_average,10
sub-11,mni,Prop,87.525,weighted_average,10
sub-12,DeCon,Prop,90.5,weighted_average,10
sub-12,mni,Prop,81.10000000000001,weighted_average,10
sub-13,DeCon,PropFB,84.67499999999998,weighted_average,10
sub-13,mni,PropFB,86.525,weighted_average,10
sub-14,DeCon,VM,90.375,weighted_average,10
sub-14,mni,VM,84.82499999999999,weighted_average,10
sub-15,DeCon,VMFB,91.675,weighted_average,10
sub-15,mni,VMFB,85.19999999999999,weighted_average,10
sub-16,DeCon,VM,89.94999999999999,weighted_average,10
sub-16,mni,VM,82.575,weighted_average,10
sub-17,DeCon,VMFB,88.5,weighted_average,10
sub-17,mni,VMFB,92.35,weighted_average,10
sub-18,DeCon,Prop,91.175,weighted_average,10
sub-18,mni,Prop,89.95,weighted_average,10
sub-19,DeCon,PropFB,89.65,weighted_average,10
sub-19,mni,PropFB,81.25,weighted_average,10
sub-27,DeCon,Prop,89.275,weighted_average,10
sub-27,mni,Prop,83.875,weighted_average,10
sub-28,DeCon,VMFB,88.825,weighted_average,10
sub-28,mni,VMFB,68.92500000000001,weighted_average,10
sub-29,DeCon,Prop,87.2,weighted_average,10
sub-29,DeCon,Prop,86.94999999999999,weighted_average,10
sub-29,mni,Prop,86.44999999999999,weighted_average,10
sub-29,mni,Prop,75.0,weighted_average,10
sub-30,DeCon,VMFB,88.14999999999999,weighted_average,10
sub-30,mni,VMFB,75.0,weighted_average,10
sub-31,DeCon,VM,91.1,weighted_average,10
sub-31,mni,VM,75.0,weighted_average,10
sub-32,DeCon,VMFB,90.0,weighted_average,10
sub-32,mni,VMFB,75.0,weighted_average,10
sub-33,DeCon,PropFB,83.925,weighted_average,10
sub-33,mni,PropFB,75.0,weighted_average,10
sub-34,DeCon,Prop,93.75,weighted_average,10
sub-34,mni,Prop,75.0,weighted_average,10
sub-35,DeCon,VMFB,82.4,weighted_average,10
sub-35,mni,VMFB,75.0,weighted_average,10
sub-36,DeCon,VM,81.97500000000001,weighted_average,10
sub-36,mni,VM,75.0,weighted_average,10
sub-37,DeCon,VMFB,93.475,weighted_average,10
sub-37,mni,VMFB,75.0,weighted_average,10
sub-38,DeCon,VM,92.4,weighted_average,10
sub-38,mni,VM,75.0,weighted_average,10
sub-39,DeCon,VMFB,88.07500000000002,weighted_average,10
sub-39,mni,VMFB,75.0,weighted_average,10
sub-40,DeCon,PropFB,88.1,weighted_average,10
sub-40,DeCon,PropFB,89.55000000000001,weighted_average,10
sub-40,mni,PropFB,75.0,weighted_average,10
sub-40,mni,PropFB,75.0,weighted_average,10
sub-42,DeCon,Prop,89.7,weighted_average,10
sub-42,mni,Prop,75.0,weighted_average,10
sub-43,DeCon,Prop,88.55,weighted_average,10
sub-43,mni,Prop,75.0,weighted_average,10
sub-44,DeCon,VMFB,93.425,weighted_average,10
sub-44,mni,VMFB,75.0,weighted_average,10
sub-49,DeCon,PropFB,92.325,weighted_average,10
sub-49,mni,PropFB,75.0,weighted_average,10
sub-52,DeCon,VM,86.45,weighted_average,10
sub-52,mni,VM,75.0,weighted_average,10
sub-54,DeCon,VM,92.1,weighted_average,10
sub-54,mni,VM,75.0,weighted_average,10
sub-58,DeCon,Prop,91.675,weighted_average,10
sub-58,mni,Prop,75.0,weighted_average,10
sub-60,DeCon,VMFB,96.425,weighted_average,10
sub-60,mni,VMFB,75.0,weighted_average,10
sub-65,DeCon,PropFB,87.975,weighted_average,10
sub-65,mni,PropFB,75.0,weighted_average,10
sub-69,DeCon,VM,92.85,weighted_average,10
sub-69,mni,VM,75.0,weighted_average,10
sub-71,DeCon,Prop,91.725,weighted_average,10
sub-71,mni,Prop,75.0,weighted_average,10
sub-73,DeCon,VM,85.0,weighted_average,10
sub-73,mni,VM,75.0,weighted_average,10
sub-74,DeCon,VM,89.65,weighted_average,10
sub-74,mni,VM,75.0,weighted_average,10
sub-75,DeCon,PropFB,93.325,weighted_average,10
sub-75,mni,PropFB,75.0,weighted_average,10
sub-76,DeCon,VMFB,89.4,weighted_average,10
sub-76,mni,VMFB,75.0,weighted_average,10
sub-77,DeCon,VM,92.5,weighted_average,10
sub-77,mni,VM,75.0,weighted_average,10
sub-01,DeCon,PropFB,92.225,weighted_average,20
sub-01,mni,PropFB,83.925,weighted_average,20
sub-10,DeCon,PropFB,82.0,weighted_average,20
sub-10,mni,PropFB,79.8,weighted_average,20
sub-11,DeCon,Prop,91.625,weighted_average,20
sub-11,mni,Prop,87.525,weighted_average,20
sub-12,DeCon,Prop,91.325,weighted_average,20
sub-12,mni,Prop,81.10000000000001,weighted_average,20
sub-13,DeCon,PropFB,85.6,weighted_average,20
sub-13,mni,PropFB,92.775,weighted_average,20
sub-14,DeCon,VM,92.3,weighted_average,20
sub-14,mni,VM,84.87499999999999,weighted_average,20
sub-15,DeCon,VMFB,92.175,weighted_average,20
sub-15,mni,VMFB,87.275,weighted_average,20
sub-16,DeCon,VM,92.54999999999998,weighted_average,20
sub-16,mni,VM,87.25,weighted_average,20
sub-17,DeCon,VMFB,90.775,weighted_average,20
sub-17,mni,VMFB,95.125,weighted_average,20
sub-18,DeCon,Prop,92.825,weighted_average,20
sub-18,mni,Prop,90.05,weighted_average,20
sub-19,DeCon,PropFB,89.65,weighted_average,20
sub-19,mni,PropFB,87.5,weighted_average,20
sub-27,DeCon,Prop,91.075,weighted_average,20
sub-27,mni,Prop,85.25,weighted_average,20
sub-28,DeCon,VMFB,88.425,weighted_average,20
sub-28,mni,VMFB,77.25000000000001,weighted_average,20
sub-29,DeCon,Prop,90.325,weighted_average,20
sub-29,DeCon,Prop,90.175,weighted_average,20
sub-29,mni,Prop,86.44999999999999,weighted_average,20
sub-29,mni,Prop,75.0,weighted_average,20
sub-30,DeCon,VMFB,90.825,weighted_average,20
sub-30,mni,VMFB,75.0,weighted_average,20
sub-31,DeCon,VM,89.75,weighted_average,20
sub-31,mni,VM,75.0,weighted_average,20
sub-32,DeCon,VMFB,90.0,weighted_average,20
sub-32,mni,VMFB,75.0,weighted_average,20
sub-33,DeCon,PropFB,88.35,weighted_average,20
sub-33,mni,PropFB,75.0,weighted_average,20
sub-34,DeCon,Prop,95.825,weighted_average,20
sub-34,mni,Prop,75.0,weighted_average,20
sub-35,DeCon,VMFB,80.67500000000001,weighted_average,20
sub-35,mni,VMFB,75.0,weighted_average,20
sub-36,DeCon,VM,81.97500000000001,weighted_average,20
sub-36,mni,VM,75.0,weighted_average,20
sub-37,DeCon,VMFB,94.575,weighted_average,20
sub-37,mni,VMFB,75.0,weighted_average,20
sub-38,DeCon,VM,95.25,weighted_average,20
sub-38,mni,VM,75.0,weighted_average,20
sub-39,DeCon,VMFB,88.07500000000002,weighted_average,20
sub-39,mni,VMFB,75.0,weighted_average,20
sub-40,DeCon,PropFB,90.475,weighted_average,20
sub-40,DeCon,PropFB,92.54999999999998,weighted_average,20
sub-40,mni,PropFB,75.0,weighted_average,20
sub-40,mni,PropFB,75.0,weighted_average,20
sub-42,DeCon,Prop,88.87500000000001,weighted_average,20
sub-42,mni,Prop,75.0,weighted_average,20
sub-43,DeCon,Prop,91.675,weighted_average,20
sub-43,mni,Prop,75.0,weighted_average,20
sub-44,DeCon,VMFB,93.525,weighted_average,20
sub-44,mni,VMFB,75.0,weighted_average,20
sub-49,DeCon,PropFB,93.4,weighted_average,20
sub-49,mni,PropFB,75.0,weighted_average,20
sub-52,DeCon,VM,91.675,weighted_average,20
sub-52,mni,VM,75.0,weighted_average,20
sub-54,DeCon,VM,92.775,weighted_average,20
sub-54,mni,VM,75.0,weighted_average,20
sub-58,DeCon,Prop,92.7,weighted_average,20
sub-58,mni,Prop,75.0,weighted_average,20
sub-60,DeCon,VMFB,92.45,weighted_average,20
sub-60,mni,VMFB,75.0,weighted_average,20
sub-65,DeCon,PropFB,89.825,weighted_average,20
sub-65,mni,PropFB,75.0,weighted_average,20
sub-69,DeCon,VM,93.975,weighted_average,20
sub-69,mni,VM,75.0,weighted_average,20
sub-71,DeCon,Prop,91.725,weighted_average,20
sub-71,mni,Prop,75.0,weighted_average,20
sub-73,DeCon,VM,89.0,weighted_average,20
sub-73,mni,VM,75.0,weighted_average,20
sub-74,DeCon,VM,91.375,weighted_average,20
sub-74,mni,VM,75.0,weighted_average,20
sub-75,DeCon,PropFB,95.0,weighted_average,20
sub-75,mni,PropFB,75.0,weighted_average,20
sub-76,DeCon,VMFB,92.45,weighted_average,20
sub-76,mni,VMFB,75.0,weighted_average,20
sub-77,DeCon,VM,95.0,weighted_average,20
sub-77,mni,VM,75.0,weighted_average,20
sub-01,DeCon,PropFB,91.2,weighted_average,30
sub-01,mni,PropFB,91.075,weighted_average,30
sub-10,DeCon,PropFB,82.0,weighted_average,30
sub-10,mni,PropFB,80.375,weighted_average,30
sub-11,DeCon,Prop,93.725,weighted_average,30
sub-11,mni,Prop,88.675,weighted_average,30
sub-12,DeCon,Prop,92.3,weighted_average,30
sub-12,mni,Prop,79.0,weighted_average,30
sub-13,DeCon,PropFB,85.6,weighted_average,30
sub-13,mni,PropFB,91.8,weighted_average,30
sub-14,DeCon,VM,90.57500000000002,weighted_average,30
sub-14,mni,VM,84.05000000000001,weighted_average,30
sub-15,DeCon,VMFB,91.75,weighted_average,30
sub-15,mni,VMFB,84.42500000000001,weighted_average,30
sub-16,DeCon,VM,92.05,weighted_average,30
sub-16,mni,VM,91.925,weighted_average,30
sub-17,DeCon,VMFB,89.49999999999999,weighted_average,30
sub-17,mni,VMFB,95.125,weighted_average,30
sub-18,DeCon,Prop,92.175,weighted_average,30
sub-18,mni,Prop,84.575,weighted_average,30
sub-19,DeCon,PropFB,90.65,weighted_average,30
sub-19,mni,PropFB,91.675,weighted_average,30
sub-27,DeCon,Prop,92.25,weighted_average,30
sub-27,mni,Prop,89.125,weighted_average,30
sub-28,DeCon,VMFB,89.175,weighted_average,30
sub-28,mni,VMFB,92.875,weighted_average,30
sub-29,DeCon,Prop,95.525,weighted_average,30
sub-29,DeCon,Prop,90.175,weighted_average,30
sub-29,mni,Prop,91.775,weighted_average,30
sub-29,mni,Prop,75.0,weighted_average,30
sub-30,DeCon,VMFB,90.225,weighted_average,30
sub-30,mni,VMFB,75.0,weighted_average,30
sub-31,DeCon,VM,91.1,weighted_average,30
sub-31,mni,VM,75.0,weighted_average,30
sub-32,DeCon,VMFB,87.44999999999999,weighted_average,30
sub-32,mni,VMFB,75.0,weighted_average,30
sub-33,DeCon,PropFB,88.35,weighted_average,30
sub-33,mni,PropFB,75.0,weighted_average,30
sub-34,DeCon,Prop,94.7,weighted_average,30
sub-34,mni,Prop,75.0,weighted_average,30
sub-35,DeCon,VMFB,79.0,weighted_average,30
sub-35,mni,VMFB,75.0,weighted_average,30
sub-36,DeCon,VM,80.62500000000001,weighted_average,30
sub-36,mni,VM,75.0,weighted_average,30
sub-37,DeCon,VMFB,94.225,weighted_average,30
sub-37,mni,VMFB,75.0,weighted_average,30
sub-38,DeCon,VM,95.25,weighted_average,30
sub-38,mni,VM,75.0,weighted_average,30
sub-39,DeCon,VMFB,86.95000000000002,weighted_average,30
sub-39,mni,VMFB,75.0,weighted_average,30
sub-40,DeCon,PropFB,92.85,weighted_average,30
sub-40,DeCon,PropFB,92.54999999999998,weighted_average,30
sub-40,mni,PropFB,75.0,weighted_average,30
sub-40,mni,PropFB,75.0,weighted_average,30
sub-42,DeCon,Prop,88.87500000000001,weighted_average,30
sub-42,mni,Prop,75.0,weighted_average,30
sub-43,DeCon,Prop,93.75,weighted_average,30
sub-43,mni,Prop,75.0,weighted_average,30
sub-44,DeCon,VMFB,96.275,weighted_average,30
sub-44,mni,VMFB,75.0,weighted_average,30
sub-49,DeCon,PropFB,93.4,weighted_average,30
sub-49,mni,PropFB,75.0,weighted_average,30
sub-52,DeCon,VM,96.575,weighted_average,30
sub-52,mni,VM,75.0,weighted_average,30
sub-54,DeCon,VM,91.25,weighted_average,30
sub-54,mni,VM,75.0,weighted_average,30
sub-58,DeCon,Prop,95.825,weighted_average,30
sub-58,mni,Prop,75.0,weighted_average,30
sub-60,DeCon,VMFB,92.45,weighted_average,30
sub-60,mni,VMFB,75.0,weighted_average,30
sub-65,DeCon,PropFB,89.825,weighted_average,30
sub-65,mni,PropFB,75.0,weighted_average,30
sub-69,DeCon,VM,93.975,weighted_average,30
sub-69,mni,VM,75.0,weighted_average,30
sub-71,DeCon,Prop,91.725,weighted_average,30
sub-71,mni,Prop,75.0,weighted_average,30
sub-73,DeCon,VM,88.57499999999999,weighted_average,30
sub-73,mni,VM,75.0,weighted_average,30
sub-74,DeCon,VM,90.025,weighted_average,30
sub-74,mni,VM,75.0,weighted_average,30
sub-75,DeCon,PropFB,98.325,weighted_average,30
sub-75,mni,PropFB,75.0,weighted_average,30
sub-76,DeCon,VMFB,90.875,weighted_average,30
sub-76,mni,VMFB,75.0,weighted_average,30
sub-77,DeCon,VM,96.225,weighted_average,30
sub-77,mni,VM,75.0,weighted_average,30
sub-01,DeCon,PropFB,88.99999999999999,weighted_average,40
sub-01,mni,PropFB,92.85,weighted_average,40
sub-10,DeCon,PropFB,80.17500000000001,weighted_average,40
sub-10,mni,PropFB,83.275,weighted_average,40
sub-11,DeCon,Prop,93.725,weighted_average,40
sub-11,mni,Prop,88.7,weighted_average,40
sub-12,DeCon,Prop,91.625,weighted_average,40
sub-12,mni,Prop,74.69999999999999,weighted_average,40
sub-13,DeCon,PropFB,85.6,weighted_average,40
sub-13,mni,PropFB,89.775,weighted_average,40
sub-14,DeCon,VM,90.57500000000002,weighted_average,40
sub-14,mni,VM,84.05000000000001,weighted_average,40
sub-15,DeCon,VMFB,91.75,weighted_average,40
sub-15,mni,VMFB,82.475,weighted_average,40
sub-16,DeCon,VM,91.0,weighted_average,40
sub-16,mni,VM,91.25,weighted_average,40
sub-17,DeCon,VMFB,87.95,weighted_average,40
sub-17,mni,VMFB,97.9,weighted_average,40
sub-18,DeCon,Prop,90.675,weighted_average,40
sub-18,mni,Prop,83.52499999999999,weighted_average,40
sub-19,DeCon,PropFB,93.65,weighted_average,40
sub-19,mni,PropFB,90.625,weighted_average,40
sub-27,DeCon,Prop,89.17500000000001,weighted_average,40
sub-27,mni,Prop,85.75,weighted_average,40
sub-28,DeCon,VMFB,90.2,weighted_average,40
sub-28,mni,VMFB,90.85,weighted_average,40
sub-29,DeCon,Prop,95.525,weighted_average,40
sub-29,DeCon,Prop,87.625,weighted_average,40
sub-29,mni,Prop,91.775,weighted_average,40
sub-29,mni,Prop,75.0,weighted_average,40
sub-30,DeCon,VMFB,85.25,weighted_average,40
sub-30,mni,VMFB,75.0,weighted_average,40
sub-31,DeCon,VM,87.75,weighted_average,40
sub-31,mni,VM,75.0,weighted_average,40
sub-32,DeCon,VMFB,88.67500000000001,weighted_average,40
sub-32,mni,VMFB,75.0,weighted_average,40
sub-33,DeCon,PropFB,91.275,weighted_average,40
sub-33,mni,PropFB,75.0,weighted_average,40
sub-34,DeCon,Prop,93.575,weighted_average,40
sub-34,mni,Prop,75.0,weighted_average,40
sub-35,DeCon,VMFB,79.925,weighted_average,40
sub-35,mni,VMFB,75.0,weighted_average,40
sub-36,DeCon,VM,80.32499999999999,weighted_average,40
sub-36,mni,VM,75.0,weighted_average,40
sub-37,DeCon,VMFB,93.9,weighted_average,40
sub-37,mni,VMFB,75.0,weighted_average,40
sub-38,DeCon,VM,93.825,weighted_average,40
sub-38,mni,VM,75.0,weighted_average,40
sub-39,DeCon,VMFB,88.75000000000001,weighted_average,40
sub-39,mni,VMFB,75.0,weighted_average,40
sub-40,DeCon,PropFB,92.85,weighted_average,40
sub-40,DeCon,PropFB,92.4,weighted_average,40
sub-40,mni,PropFB,75.0,weighted_average,40
sub-40,mni,PropFB,75.0,weighted_average,40
sub-42,DeCon,Prop,87.3,weighted_average,40
sub-42,mni,Prop,75.0,weighted_average,40
sub-43,DeCon,Prop,93.75,weighted_average,40
sub-43,mni,Prop,75.0,weighted_average,40
sub-44,DeCon,VMFB,96.4,weighted_average,40
sub-44,mni,VMFB,75.0,weighted_average,40
sub-49,DeCon,PropFB,90.475,weighted_average,40
sub-49,mni,PropFB,75.0,weighted_average,40
sub-52,DeCon,VM,96.575,weighted_average,40
sub-52,mni,VM,75.0,weighted_average,40
sub-54,DeCon,VM,90.975,weighted_average,40
sub-54,mni,VM,75.0,weighted_average,40
sub-58,DeCon,Prop,94.25,weighted_average,40
sub-58,mni,Prop,75.0,weighted_average,40
sub-60,DeCon,VMFB,88.55,weighted_average,40
sub-60,mni,VMFB,75.0,weighted_average,40
sub-65,DeCon,PropFB,89.4,weighted_average,40
sub-65,mni,PropFB,75.0,weighted_average,40
sub-69,DeCon,VM,93.975,weighted_average,40
sub-69,mni,VM,75.0,weighted_average,40
sub-71,DeCon,Prop,90.525,weighted_average,40
sub-71,mni,Prop,75.0,weighted_average,40
sub-73,DeCon,VM,86.725,weighted_average,40
sub-73,mni,VM,75.0,weighted_average,40
sub-74,DeCon,VM,89.92499999999998,weighted_average,40
sub-74,mni,VM,75.0,weighted_average,40
sub-75,DeCon,PropFB,100.0,weighted_average,40
sub-75,mni,PropFB,75.0,weighted_average,40
sub-76,DeCon,VMFB,91.625,weighted_average,40
sub-76,mni,VMFB,75.0,weighted_average,40
sub-77,DeCon,VM,96.225,weighted_average,40
sub-77,mni,VM,75.0,weighted_average,40
sub-01,DeCon,PropFB,79.82499999999999,weighted_average,50
sub-01,mni,PropFB,96.425,weighted_average,50
sub-10,DeCon,PropFB,78.35,weighted_average,50
sub-10,mni,PropFB,83.275,weighted_average,50
sub-11,DeCon,Prop,91.975,weighted_average,50
sub-11,mni,Prop,87.64999999999999,weighted_average,50
sub-12,DeCon,Prop,88.15,weighted_average,50
sub-12,mni,Prop,73.65,weighted_average,50
sub-13,DeCon,PropFB,85.125,weighted_average,50
sub-13,mni,PropFB,89.775,weighted_average,50
sub-14,DeCon,VM,89.15,weighted_average,50
sub-14,mni,VM,82.17500000000001,weighted_average,50
sub-15,DeCon,VMFB,91.75,weighted_average,50
sub-15,mni,VMFB,82.475,weighted_average,50
sub-16,DeCon,VM,88.525,weighted_average,50
sub-16,mni,VM,87.94999999999999,weighted_average,50
sub-17,DeCon,VMFB,81.375,weighted_average,50
sub-17,mni,VMFB,95.8,weighted_average,50
sub-18,DeCon,Prop,91.5,weighted_average,50
sub-18,mni,Prop,83.52499999999999,weighted_average,50
sub-19,DeCon,PropFB,93.3,weighted_average,50
sub-19,mni,PropFB,87.325,weighted_average,50
sub-27,DeCon,Prop,90.07500000000002,weighted_average,50
sub-27,mni,Prop,88.25,weighted_average,50
sub-28,DeCon,VMFB,88.77499999999999,weighted_average,50
sub-28,mni,VMFB,90.85,weighted_average,50
sub-29,DeCon,Prop,94.175,weighted_average,50
sub-29,DeCon,Prop,89.375,weighted_average,50
sub-29,mni,Prop,90.65,weighted_average,50
sub-29,mni,Prop,75.0,weighted_average,50
sub-30,DeCon,VMFB,85.25,weighted_average,50
sub-30,mni,VMFB,75.0,weighted_average,50
sub-31,DeCon,VM,86.325,weighted_average,50
sub-31,mni,VM,75.0,weighted_average,50
sub-32,DeCon,VMFB,88.65,weighted_average,50
sub-32,mni,VMFB,75.0,weighted_average,50
sub-33,DeCon,PropFB,81.2,weighted_average,50
sub-33,mni,PropFB,75.0,weighted_average,50
sub-34,DeCon,Prop,91.325,weighted_average,50
sub-34,mni,Prop,75.0,weighted_average,50
sub-35,DeCon,VMFB,81.0,weighted_average,50
sub-35,mni,VMFB,75.0,weighted_average,50
sub-36,DeCon,VM,80.32499999999999,weighted_average,50
sub-36,mni,VM,75.0,weighted_average,50
sub-37,DeCon,VMFB,93.55,weighted_average,50
sub-37,mni,VMFB,75.0,weighted_average,50
sub-38,DeCon,VM,92.325,weighted_average,50
sub-38,mni,VM,75.0,weighted_average,50
sub-39,DeCon,VMFB,89.32499999999999,weighted_average,50
sub-39,mni,VMFB,75.0,weighted_average,50
sub-40,DeCon,PropFB,91.5,weighted_average,50
sub-40,DeCon,PropFB,89.69999999999999,weighted_average,50
sub-40,mni,PropFB,75.0,weighted_average,50
sub-40,mni,PropFB,75.0,weighted_average,50
sub-42,DeCon,Prop,87.3,weighted_average,50
sub-42,mni,Prop,75.0,weighted_average,50
sub-43,DeCon,Prop,93.375,weighted_average,50
sub-43,mni,Prop,75.0,weighted_average,50
sub-44,DeCon,VMFB,95.125,weighted_average,50
sub-44,mni,VMFB,75.0,weighted_average,50
sub-49,DeCon,PropFB,91.15,weighted_average,50
sub-49,mni,PropFB,75.0,weighted_average,50
sub-52,DeCon,VM,95.225,weighted_average,50
sub-52,mni,VM,75.0,weighted_average,50
sub-54,DeCon,VM,91.625,weighted_average,50
sub-54,mni,VM,75.0,weighted_average,50
sub-58,DeCon,Prop,94.25,weighted_average,50
sub-58,mni,Prop,75.0,weighted_average,50
sub-60,DeCon,VMFB,86.375,weighted_average,50
sub-60,mni,VMFB,75.0,weighted_average,50
sub-65,DeCon,PropFB,89.9,weighted_average,50
sub-65,mni,PropFB,75.0,weighted_average,50
sub-69,DeCon,VM,91.425,weighted_average,50
sub-69,mni,VM,75.0,weighted_average,50
sub-71,DeCon,Prop,91.20000000000002,weighted_average,50
sub-71,mni,Prop,75.0,weighted_average,50
sub-73,DeCon,VM,86.725,weighted_average,50
sub-73,mni,VM,75.0,weighted_average,50
sub-74,DeCon,VM,92.5,weighted_average,50
sub-74,mni,VM,75.0,weighted_average,50
sub-75,DeCon,PropFB,98.725,weighted_average,50
sub-75,mni,PropFB,75.0,weighted_average,50
sub-76,DeCon,VMFB,95.4,weighted_average,50
sub-76,mni,VMFB,75.0,weighted_average,50
sub-77,DeCon,VM,96.225,weighted_average,50
sub-77,mni,VM,75.0,weighted_average,50
